web_domain;url;kategorier;source_url
10-4.dk;https://www.10-4.dk/;Byggemarked & byggevarer (129) | Hus & have (490) | Hvidevarer & VVS (75) | Møbler & boligindretning (386);https://www.emaerket.dk/kategori/webshops/byggemarked-byggevarer/ | https://www.emaerket.dk/kategori/webshops/hus-have/ | https://www.emaerket.dk/kategori/webshops/hvidevarer-vvs/ | https://www.emaerket.dk/kategori/webshops/mobler-boligindretning/
1855cru.dk;https://www.1855cru.dk/;Mad, vin & dagligvarer (86);https://www.emaerket.dk/kategori/webshops/mad-vin-dagligvarer/
24hshop.dk;https://24hshop.dk/;Bil cykel & transport (62) | Byggemarked & byggevarer (129) | Bøger, cd'er, film & brætspil (41) | Dyr & deres pleje (68) | Elektronik tele & foto (169) | Gaveartikler & blomster (122) | Helse & personlig pleje (195) | Hobby, sport & fritid (281) | Hus & have (490) | Kontorartikler m.v. (67) | Kunst (34) | Musik & udstyr (20) | Møbler & boligindretning (386) | Salg til virksomheder (177) | Smykker, ure & accessories (130) | Tøj & sko (188);https://www.emaerket.dk/kategori/webshops/bil-cykel-transport/ | https://www.emaerket.dk/kategori/webshops/boeger-cder-film-braetspil/ | https://www.emaerket.dk/kategori/webshops/byggemarked-byggevarer/ | https://www.emaerket.dk/kategori/webshops/dyr-deres-pleje/ | https://www.emaerket.dk/kategori/webshops/elektronik-tele-foto/ | https://www.emaerket.dk/kategori/webshops/gaveartikler-blomster/ | https://www.emaerket.dk/kategori/webshops/helse-personlig-pleje/ | https://www.emaerket.dk/kategori/webshops/hobby-sport-fritid/ | https://www.emaerket.dk/kategori/webshops/hus-have/ | https://www.emaerket.dk/kategori/webshops/kontorartikler-m-v/ | https://www.emaerket.dk/kategori/webshops/kunst/ | https://www.emaerket.dk/kategori/webshops/mobler-boligindretning/ | https://www.emaerket.dk/kategori/webshops/musik-udstyr/ | https://www.emaerket.dk/kategori/webshops/salg-til-virksomheder/ | https://www.emaerket.dk/kategori/webshops/smykker-ure-accessories/ | https://www.emaerket.dk/kategori/webshops/toej-og-sko/
3dsaga.com;https://www.3dsaga.com/;Elektronik tele & foto (169);https://www.emaerket.dk/kategori/webshops/elektronik-tele-foto/
417.dk;https://417.dk/;Tøj & sko (188);https://www.emaerket.dk/kategori/webshops/toej-og-sko/
a39.dk;https://a39.dk/;Byggemarked & byggevarer (129);https://www.emaerket.dk/kategori/webshops/byggemarked-byggevarer/
a4-etiketter.dk;https://a4-etiketter.dk/;Kontorartikler m.v. (67);https://www.emaerket.dk/kategori/webshops/kontorartikler-m-v/
aabs.dk;https://aabs.dk/;Hus & have (490) | Møbler & boligindretning (386);https://www.emaerket.dk/kategori/webshops/hus-have/ | https://www.emaerket.dk/kategori/webshops/mobler-boligindretning/
abashop.dk;https://abashop.dk/;Hus & have (490) | Møbler & boligindretning (386);https://www.emaerket.dk/kategori/webshops/hus-have/ | https://www.emaerket.dk/kategori/webshops/mobler-boligindretning/
abcleg.dk;https://abcleg.dk/;Babytøj, børnetøj & ting til børn (123);https://www.emaerket.dk/kategori/webshops/babytoj-bornetoj-ting-til-born/
abpettoys.dk;https://abpettoys.dk/;Dyr & deres pleje (68);https://www.emaerket.dk/kategori/webshops/dyr-deres-pleje/
abrask.dk;https://abrask.dk/;Smykker, ure & accessories (130);https://www.emaerket.dk/kategori/webshops/smykker-ure-accessories/
abrideudstyr.dk;https://abrideudstyr.dk/;Hobby, sport & fritid (281);https://www.emaerket.dk/kategori/webshops/hobby-sport-fritid/
absolutkaffe.dk;https://absolutkaffe.dk/;Mad, vin & dagligvarer (86);https://www.emaerket.dk/kategori/webshops/mad-vin-dagligvarer/
actionshoppen.dk;https://actionshoppen.dk/;Hobby, sport & fritid (281);https://www.emaerket.dk/kategori/webshops/hobby-sport-fritid/
adax.dk;https://adax.dk/;Tøj & sko (188);https://www.emaerket.dk/kategori/webshops/toej-og-sko/
adaxshop.com;https://adaxshop.com/;Smykker, ure & accessories (130);https://www.emaerket.dk/kategori/webshops/smykker-ure-accessories/
agroland.dk;https://agroland.dk/;Dyr & deres pleje (68);https://www.emaerket.dk/kategori/webshops/dyr-deres-pleje/
agroled.dk;https://agroled.dk/;Elektronik tele & foto (169);https://www.emaerket.dk/kategori/webshops/elektronik-tele-foto/
aiayu.com;https://aiayu.com/;Tøj & sko (188);https://www.emaerket.dk/kategori/webshops/toej-og-sko/
airgun.dk;https://airgun.dk/;Hobby, sport & fritid (281);https://www.emaerket.dk/kategori/webshops/hobby-sport-fritid/
aiviq.dk;https://aiviq.dk/;Hus & have (490) | Mad, vin & dagligvarer (86);https://www.emaerket.dk/kategori/webshops/hus-have/ | https://www.emaerket.dk/kategori/webshops/mad-vin-dagligvarer/
ajscooters.dk;https://ajscooters.dk/;Hobby, sport & fritid (281);https://www.emaerket.dk/kategori/webshops/hobby-sport-fritid/
aktivguld.com;https://www.aktivguld.com/;Salg til virksomheder (177) | Smykker, ure & accessories (130);https://www.emaerket.dk/kategori/webshops/salg-til-virksomheder/ | https://www.emaerket.dk/kategori/webshops/smykker-ure-accessories/
akustikbilleder.dk;https://akustikbilleder.dk/;Kunst (34) | Møbler & boligindretning (386);https://www.emaerket.dk/kategori/webshops/kunst/ | https://www.emaerket.dk/kategori/webshops/mobler-boligindretning/
akvatur.dk;https://akvatur.dk/;Hvidevarer & VVS (75) | Møbler & boligindretning (386);https://www.emaerket.dk/kategori/webshops/hvidevarer-vvs/ | https://www.emaerket.dk/kategori/webshops/mobler-boligindretning/
akvine.dk;https://akvine.dk/;Mad, vin & dagligvarer (86);https://www.emaerket.dk/kategori/webshops/mad-vin-dagligvarer/
alabazar.dk;https://alabazar.dk/;Elektronik tele & foto (169);https://www.emaerket.dk/kategori/webshops/elektronik-tele-foto/
alarm365.dk;https://alarm365.dk/;Elektronik tele & foto (169);https://www.emaerket.dk/kategori/webshops/elektronik-tele-foto/
allround-musik.dk;https://allround-musik.dk/;Musik & udstyr (20);https://www.emaerket.dk/kategori/webshops/musik-udstyr/
alluneed.dk;https://alluneed.dk/;Babytøj, børnetøj & ting til børn (123) | Dyr & deres pleje (68) | Elektronik tele & foto (169) | Hobby, sport & fritid (281) | Hus & have (490) | Hvidevarer & VVS (75) | Møbler & boligindretning (386);https://www.emaerket.dk/kategori/webshops/babytoj-bornetoj-ting-til-born/ | https://www.emaerket.dk/kategori/webshops/dyr-deres-pleje/ | https://www.emaerket.dk/kategori/webshops/elektronik-tele-foto/ | https://www.emaerket.dk/kategori/webshops/hobby-sport-fritid/ | https://www.emaerket.dk/kategori/webshops/hus-have/ | https://www.emaerket.dk/kategori/webshops/hvidevarer-vvs/ | https://www.emaerket.dk/kategori/webshops/mobler-boligindretning/
alstrom.dk;https://alstrom.dk/;Gaveartikler & blomster (122) | Hobby, sport & fritid (281) | Hus & have (490);https://www.emaerket.dk/kategori/webshops/gaveartikler-blomster/ | https://www.emaerket.dk/kategori/webshops/hobby-sport-fritid/ | https://www.emaerket.dk/kategori/webshops/hus-have/
alttilcamping.dk;https://alttilcamping.dk/;Bil cykel & transport (62) | Ferie & rejse (33) | Hus & have (490) | Møbler & boligindretning (386);https://www.emaerket.dk/kategori/webshops/bil-cykel-transport/ | https://www.emaerket.dk/kategori/webshops/ferie-rejse/ | https://www.emaerket.dk/kategori/webshops/hus-have/ | https://www.emaerket.dk/kategori/webshops/mobler-boligindretning/
amantecopenhagen.dk;https://amantecopenhagen.dk/;Smykker, ure & accessories (130);https://www.emaerket.dk/kategori/webshops/smykker-ure-accessories/
andersen-andersen.com;https://andersen-andersen.com/;Tøj & sko (188);https://www.emaerket.dk/kategori/webshops/toej-og-sko/
andlight.dk;https://andlight.dk/;Hus & have (490) | Kontorartikler m.v. (67) | Møbler & boligindretning (386) | Salg til virksomheder (177);https://www.emaerket.dk/kategori/webshops/hus-have/ | https://www.emaerket.dk/kategori/webshops/kontorartikler-m-v/ | https://www.emaerket.dk/kategori/webshops/mobler-boligindretning/ | https://www.emaerket.dk/kategori/webshops/salg-til-virksomheder/
anewsleep.dk;https://anewsleep.dk/;Hus & have (490);https://www.emaerket.dk/kategori/webshops/hus-have/
ankerdenmark.dk;https://ankerdenmark.dk/;Hus & have (490) | Møbler & boligindretning (386);https://www.emaerket.dk/kategori/webshops/hus-have/ | https://www.emaerket.dk/kategori/webshops/mobler-boligindretning/
ankshop.dk;https://ankshop.dk/;Hus & have (490) | Hvidevarer & VVS (75);https://www.emaerket.dk/kategori/webshops/hus-have/ | https://www.emaerket.dk/kategori/webshops/hvidevarer-vvs/
anyday.io;https://anyday.io/;Salg til virksomheder (177) | Økonomi, banker & forsikringer (6);https://www.emaerket.dk/kategori/webshops/okonomi-banker-forsikringer/ | https://www.emaerket.dk/kategori/webshops/salg-til-virksomheder/
anytimebrovst.dk;https://anytimebrovst.dk/;Smykker, ure & accessories (130);https://www.emaerket.dk/kategori/webshops/smykker-ure-accessories/
anzo.gl;https://anzo.gl/;Smykker, ure & accessories (130);https://www.emaerket.dk/kategori/webshops/smykker-ure-accessories/
aof.dk;https://aof.dk/;Oplevelser & underholdning (21) | Uddannelse & kurser (17);https://www.emaerket.dk/kategori/webshops/oplevelser-underholdning/ | https://www.emaerket.dk/kategori/webshops/uddannelse-kurser/
apopro.dk;https://apopro.dk/;Helse & personlig pleje (195);https://www.emaerket.dk/kategori/webshops/helse-personlig-pleje/
apotekeren.dk;https://apotekeren.dk/;Helse & personlig pleje (195);https://www.emaerket.dk/kategori/webshops/helse-personlig-pleje/
apoteket-online.dk;https://apoteket-online.dk/;Helse & personlig pleje (195);https://www.emaerket.dk/kategori/webshops/helse-personlig-pleje/
apuls.dk;https://apuls.dk/;Hobby, sport & fritid (281) | Tøj & sko (188);https://www.emaerket.dk/kategori/webshops/hobby-sport-fritid/ | https://www.emaerket.dk/kategori/webshops/toej-og-sko/
aquatic.dk;https://aquatic.dk/;Ferie & rejse (33) | Hobby, sport & fritid (281) | Oplevelser & underholdning (21) | Salg til virksomheder (177);https://www.emaerket.dk/kategori/webshops/ferie-rejse/ | https://www.emaerket.dk/kategori/webshops/hobby-sport-fritid/ | https://www.emaerket.dk/kategori/webshops/oplevelser-underholdning/ | https://www.emaerket.dk/kategori/webshops/salg-til-virksomheder/
arkuri.dk;https://arkuri.dk/;Tøj & sko (188);https://www.emaerket.dk/kategori/webshops/toej-og-sko/
as-kcc.dk;https://www.as-kcc.dk/;Babytøj, børnetøj & ting til børn (123) | Ferie & rejse (33) | Gaveartikler & blomster (122) | Hobby, sport & fritid (281) | Hus & have (490) | Møbler & boligindretning (386) | Salg til virksomheder (177);https://www.emaerket.dk/kategori/webshops/babytoj-bornetoj-ting-til-born/ | https://www.emaerket.dk/kategori/webshops/ferie-rejse/ | https://www.emaerket.dk/kategori/webshops/gaveartikler-blomster/ | https://www.emaerket.dk/kategori/webshops/hobby-sport-fritid/ | https://www.emaerket.dk/kategori/webshops/hus-have/ | https://www.emaerket.dk/kategori/webshops/mobler-boligindretning/ | https://www.emaerket.dk/kategori/webshops/salg-til-virksomheder/
ascendic.dk;https://ascendic.dk/;Hobby, sport & fritid (281);https://www.emaerket.dk/kategori/webshops/hobby-sport-fritid/
asetek.com;https://asetek.com/;Elektronik tele & foto (169) | Hobby, sport & fritid (281);https://www.emaerket.dk/kategori/webshops/elektronik-tele-foto/ | https://www.emaerket.dk/kategori/webshops/hobby-sport-fritid/
asleepness.com;https://asleepness.com/;Babytøj, børnetøj & ting til børn (123) | Elektronik tele & foto (169) | Helse & personlig pleje (195) | Hobby, sport & fritid (281) | Musik & udstyr (20);https://www.emaerket.dk/kategori/webshops/babytoj-bornetoj-ting-til-born/ | https://www.emaerket.dk/kategori/webshops/elektronik-tele-foto/ | https://www.emaerket.dk/kategori/webshops/helse-personlig-pleje/ | https://www.emaerket.dk/kategori/webshops/hobby-sport-fritid/ | https://www.emaerket.dk/kategori/webshops/musik-udstyr/
astmaallergishoppen.dk;https://astmaallergishoppen.dk/;Babytøj, børnetøj & ting til børn (123) | Helse & personlig pleje (195) | Hus & have (490) | Hvidevarer & VVS (75) | Møbler & boligindretning (386) | Salg til virksomheder (177);https://www.emaerket.dk/kategori/webshops/babytoj-bornetoj-ting-til-born/ | https://www.emaerket.dk/kategori/webshops/helse-personlig-pleje/ | https://www.emaerket.dk/kategori/webshops/hus-have/ | https://www.emaerket.dk/kategori/webshops/hvidevarer-vvs/ | https://www.emaerket.dk/kategori/webshops/mobler-boligindretning/ | https://www.emaerket.dk/kategori/webshops/salg-til-virksomheder/
au2tek.dk;https://www.au2tek.dk/;Elektronik tele & foto (169);https://www.emaerket.dk/kategori/webshops/elektronik-tele-foto/
auroracph.dk;https://www.auroracph.dk/;Hus & have (490) | Møbler & boligindretning (386);https://www.emaerket.dk/kategori/webshops/hus-have/ | https://www.emaerket.dk/kategori/webshops/mobler-boligindretning/
aurorawellness.dk;https://aurorawellness.dk/;Elektronik tele & foto (169) | Gaveartikler & blomster (122) | Helse & personlig pleje (195) | Hobby, sport & fritid (281);https://www.emaerket.dk/kategori/webshops/elektronik-tele-foto/ | https://www.emaerket.dk/kategori/webshops/gaveartikler-blomster/ | https://www.emaerket.dk/kategori/webshops/helse-personlig-pleje/ | https://www.emaerket.dk/kategori/webshops/hobby-sport-fritid/
autismeshoppen.dk;https://autismeshoppen.dk/;Babytøj, børnetøj & ting til børn (123) | Helse & personlig pleje (195) | Salg til virksomheder (177);https://www.emaerket.dk/kategori/webshops/babytoj-bornetoj-ting-til-born/ | https://www.emaerket.dk/kategori/webshops/helse-personlig-pleje/ | https://www.emaerket.dk/kategori/webshops/salg-til-virksomheder/
autofix.nu;https://autofix.nu/;Bil cykel & transport (62);https://www.emaerket.dk/kategori/webshops/bil-cykel-transport/
av-cables.dk;https://av-cables.dk/;Elektronik tele & foto (169) | Musik & udstyr (20);https://www.emaerket.dk/kategori/webshops/elektronik-tele-foto/ | https://www.emaerket.dk/kategori/webshops/musik-udstyr/
av-connection.dk;https://www.av-connection.dk/;Elektronik tele & foto (169) | Musik & udstyr (20) | Salg til virksomheder (177);https://www.emaerket.dk/kategori/webshops/elektronik-tele-foto/ | https://www.emaerket.dk/kategori/webshops/musik-udstyr/ | https://www.emaerket.dk/kategori/webshops/salg-til-virksomheder/
avabeauty.dk;https://avabeauty.dk/;Helse & personlig pleje (195) | Hobby, sport & fritid (281);https://www.emaerket.dk/kategori/webshops/helse-personlig-pleje/ | https://www.emaerket.dk/kategori/webshops/hobby-sport-fritid/
aviendo.dk;https://aviendo.dk/;Bøger, cd'er, film & brætspil (41) | Kunst (34) | Møbler & boligindretning (386);https://www.emaerket.dk/kategori/webshops/boeger-cder-film-braetspil/ | https://www.emaerket.dk/kategori/webshops/kunst/ | https://www.emaerket.dk/kategori/webshops/mobler-boligindretning/
avifauna.dk;https://avifauna.dk/;Dyr & deres pleje (68) | Hobby, sport & fritid (281);https://www.emaerket.dk/kategori/webshops/dyr-deres-pleje/ | https://www.emaerket.dk/kategori/webshops/hobby-sport-fritid/
axel.dk;https://axel.dk/;Smykker, ure & accessories (130) | Tøj & sko (188);https://www.emaerket.dk/kategori/webshops/smykker-ure-accessories/ | https://www.emaerket.dk/kategori/webshops/toej-og-sko/
babadut.dk;https://babadut.dk/;Babytøj, børnetøj & ting til børn (123);https://www.emaerket.dk/kategori/webshops/babytoj-bornetoj-ting-til-born/
babynordic.dk;https://babynordic.dk/;Hobby, sport & fritid (281);https://www.emaerket.dk/kategori/webshops/hobby-sport-fritid/
babyriget.dk;https://babyriget.dk/;Babytøj, børnetøj & ting til børn (123);https://www.emaerket.dk/kategori/webshops/babytoj-bornetoj-ting-til-born/
babysam.dk;https://babysam.dk/;Babytøj, børnetøj & ting til børn (123);https://www.emaerket.dk/kategori/webshops/babytoj-bornetoj-ting-til-born/
babysutten.dk;https://babysutten.dk/;Babytøj, børnetøj & ting til børn (123);https://www.emaerket.dk/kategori/webshops/babytoj-bornetoj-ting-til-born/
badebaljen.dk;https://badebaljen.dk/;Hus & have (490) | Møbler & boligindretning (386);https://www.emaerket.dk/kategori/webshops/hus-have/ | https://www.emaerket.dk/kategori/webshops/mobler-boligindretning/
badeshop.dk;https://badeshop.dk/;Hus & have (490);https://www.emaerket.dk/kategori/webshops/hus-have/
badstil.dk;https://badstil.dk/;Hus & have (490) | Hvidevarer & VVS (75) | Møbler & boligindretning (386);https://www.emaerket.dk/kategori/webshops/hus-have/ | https://www.emaerket.dk/kategori/webshops/hvidevarer-vvs/ | https://www.emaerket.dk/kategori/webshops/mobler-boligindretning/
bagebixen.dk;https://bagebixen.dk/;Hobby, sport & fritid (281) | Hus & have (490) | Mad, vin & dagligvarer (86);https://www.emaerket.dk/kategori/webshops/hobby-sport-fritid/ | https://www.emaerket.dk/kategori/webshops/hus-have/ | https://www.emaerket.dk/kategori/webshops/mad-vin-dagligvarer/
bagestaalet.dk;https://bagestaalet.dk/;Hus & have (490);https://www.emaerket.dk/kategori/webshops/hus-have/
bahn-larsen.dk;https://www.bahn-larsen.dk/;Hus & have (490);https://www.emaerket.dk/kategori/webshops/hus-have/
balsalen.dk;https://balsalen.dk/;Helse & personlig pleje (195) | Hus & have (490) | Møbler & boligindretning (386) | Smykker, ure & accessories (130) | Tøj & sko (188);https://www.emaerket.dk/kategori/webshops/helse-personlig-pleje/ | https://www.emaerket.dk/kategori/webshops/hus-have/ | https://www.emaerket.dk/kategori/webshops/mobler-boligindretning/ | https://www.emaerket.dk/kategori/webshops/smykker-ure-accessories/ | https://www.emaerket.dk/kategori/webshops/toej-og-sko/
bamboonordic.dk;https://bamboonordic.dk/;Tøj & sko (188);https://www.emaerket.dk/kategori/webshops/toej-og-sko/
bamboorambo.dk;https://bamboorambo.dk/;Tøj & sko (188);https://www.emaerket.dk/kategori/webshops/toej-og-sko/
bambuni.dk;https://bambuni.dk/;Tøj & sko (188);https://www.emaerket.dk/kategori/webshops/toej-og-sko/
barbarullo.com;https://barbarullo.com/;Møbler & boligindretning (386);https://www.emaerket.dk/kategori/webshops/mobler-boligindretning/
barlife.dk;https://www.barlife.dk/;Hobby, sport & fritid (281) | Mad, vin & dagligvarer (86);https://www.emaerket.dk/kategori/webshops/hobby-sport-fritid/ | https://www.emaerket.dk/kategori/webshops/mad-vin-dagligvarer/
barnevognshuset.dk;https://barnevognshuset.dk/;Babytøj, børnetøj & ting til børn (123);https://www.emaerket.dk/kategori/webshops/babytoj-bornetoj-ting-til-born/
barworld.com;https://barworld.com/;Hobby, sport & fritid (281) | Hus & have (490);https://www.emaerket.dk/kategori/webshops/hobby-sport-fritid/ | https://www.emaerket.dk/kategori/webshops/hus-have/
basicandally.com;https://basicandally.com/;Tøj & sko (188);https://www.emaerket.dk/kategori/webshops/toej-og-sko/
batteri-butik.dk;https://batteri-butik.dk/;Elektronik tele & foto (169);https://www.emaerket.dk/kategori/webshops/elektronik-tele-foto/
batteribyen.dk;https://batteribyen.dk/;Elektronik tele & foto (169);https://www.emaerket.dk/kategori/webshops/elektronik-tele-foto/
batterystore.dk;https://batterystore.dk/;Elektronik tele & foto (169) | Salg til virksomheder (177);https://www.emaerket.dk/kategori/webshops/elektronik-tele-foto/ | https://www.emaerket.dk/kategori/webshops/salg-til-virksomheder/
bauhaus.dk;https://bauhaus.dk/;Byggemarked & byggevarer (129) | Hobby, sport & fritid (281) | Hus & have (490) | Møbler & boligindretning (386);https://www.emaerket.dk/kategori/webshops/byggemarked-byggevarer/ | https://www.emaerket.dk/kategori/webshops/hobby-sport-fritid/ | https://www.emaerket.dk/kategori/webshops/hus-have/ | https://www.emaerket.dk/kategori/webshops/mobler-boligindretning/
bautik.dk;https://bautik.dk/;Byggemarked & byggevarer (129);https://www.emaerket.dk/kategori/webshops/byggemarked-byggevarer/
bbnshoppen.dk;https://bbnshoppen.dk/;Hobby, sport & fritid (281) | Hus & have (490) | Salg til virksomheder (177);https://www.emaerket.dk/kategori/webshops/hobby-sport-fritid/ | https://www.emaerket.dk/kategori/webshops/hus-have/ | https://www.emaerket.dk/kategori/webshops/salg-til-virksomheder/
beady.fun;https://beady.fun/;Helse & personlig pleje (195);https://www.emaerket.dk/kategori/webshops/helse-personlig-pleje/
beaute-pacifique.com;https://beaute-pacifique.com/;Helse & personlig pleje (195);https://www.emaerket.dk/kategori/webshops/helse-personlig-pleje/
beautyspace.dk;https://beautyspace.dk/;Helse & personlig pleje (195);https://www.emaerket.dk/kategori/webshops/helse-personlig-pleje/
beba.dk;https://www.beba.dk/;Babytøj, børnetøj & ting til børn (123) | Møbler & boligindretning (386);https://www.emaerket.dk/kategori/webshops/babytoj-bornetoj-ting-til-born/ | https://www.emaerket.dk/kategori/webshops/mobler-boligindretning/
bedrebegravelse.dk;https://bedrebegravelse.dk/;Organisationer & foreninger (9);https://www.emaerket.dk/kategori/webshops/organisationer-foreninger/
bedrenaetter.dk;https://bedrenaetter.dk/;Hus & have (490) | Møbler & boligindretning (386);https://www.emaerket.dk/kategori/webshops/hus-have/ | https://www.emaerket.dk/kategori/webshops/mobler-boligindretning/
bedst-billigst.dk;https://www.bedst-billigst.dk/;Byggemarked & byggevarer (129) | Hus & have (490) | Møbler & boligindretning (386);https://www.emaerket.dk/kategori/webshops/byggemarked-byggevarer/ | https://www.emaerket.dk/kategori/webshops/hus-have/ | https://www.emaerket.dk/kategori/webshops/mobler-boligindretning/
bedz.dk;https://bedz.dk/;Møbler & boligindretning (386);https://www.emaerket.dk/kategori/webshops/mobler-boligindretning/
befro.dk;https://befro.dk/;Elektronik tele & foto (169) | Hus & have (490) | Møbler & boligindretning (386);https://www.emaerket.dk/kategori/webshops/elektronik-tele-foto/ | https://www.emaerket.dk/kategori/webshops/hus-have/ | https://www.emaerket.dk/kategori/webshops/mobler-boligindretning/
bekent.dk;https://bekent.dk/;Elektronik tele & foto (169) | Musik & udstyr (20);https://www.emaerket.dk/kategori/webshops/elektronik-tele-foto/ | https://www.emaerket.dk/kategori/webshops/musik-udstyr/
bellashop.dk;https://www.bellashop.dk/;Helse & personlig pleje (195);https://www.emaerket.dk/kategori/webshops/helse-personlig-pleje/
bels.dk;https://bels.dk/;Byggemarked & byggevarer (129);https://www.emaerket.dk/kategori/webshops/byggemarked-byggevarer/
bernsteinbad.dk;https://bernsteinbad.dk/;Hvidevarer & VVS (75);https://www.emaerket.dk/kategori/webshops/hvidevarer-vvs/
bestsport.dk;https://bestsport.dk/;Hobby, sport & fritid (281) | Organisationer & foreninger (9) | Salg til virksomheder (177) | Tøj & sko (188);https://www.emaerket.dk/kategori/webshops/hobby-sport-fritid/ | https://www.emaerket.dk/kategori/webshops/organisationer-foreninger/ | https://www.emaerket.dk/kategori/webshops/salg-til-virksomheder/ | https://www.emaerket.dk/kategori/webshops/toej-og-sko/
bga.dk;https://www.bga.dk/;Hus & have (490) | Kunst (34) | Møbler & boligindretning (386);https://www.emaerket.dk/kategori/webshops/hus-have/ | https://www.emaerket.dk/kategori/webshops/kunst/ | https://www.emaerket.dk/kategori/webshops/mobler-boligindretning/
bijodan.dk;https://bijodan.dk/;Helse & personlig pleje (195) | Salg til virksomheder (177);https://www.emaerket.dk/kategori/webshops/helse-personlig-pleje/ | https://www.emaerket.dk/kategori/webshops/salg-til-virksomheder/
bikeandco.dk;https://bikeandco.dk/;Bil cykel & transport (62);https://www.emaerket.dk/kategori/webshops/bil-cykel-transport/
bilbuster.dk;https://bilbuster.dk/;Bil cykel & transport (62) | Elektronik tele & foto (169) | Hobby, sport & fritid (281);https://www.emaerket.dk/kategori/webshops/bil-cykel-transport/ | https://www.emaerket.dk/kategori/webshops/elektronik-tele-foto/ | https://www.emaerket.dk/kategori/webshops/hobby-sport-fritid/
bilka.dk;https://bilka.dk/;Elektronik tele & foto (169) | Helse & personlig pleje (195) | Hus & have (490) | Møbler & boligindretning (386) | Smykker, ure & accessories (130) | Tøj & sko (188);https://www.emaerket.dk/kategori/webshops/elektronik-tele-foto/ | https://www.emaerket.dk/kategori/webshops/helse-personlig-pleje/ | https://www.emaerket.dk/kategori/webshops/hus-have/ | https://www.emaerket.dk/kategori/webshops/mobler-boligindretning/ | https://www.emaerket.dk/kategori/webshops/smykker-ure-accessories/ | https://www.emaerket.dk/kategori/webshops/toej-og-sko/
billard.dk;https://billard.dk/;Hobby, sport & fritid (281) | Salg til virksomheder (177);https://www.emaerket.dk/kategori/webshops/hobby-sport-fritid/ | https://www.emaerket.dk/kategori/webshops/salg-til-virksomheder/
billetlugen.dk;https://billetlugen.dk/;Oplevelser & underholdning (21);https://www.emaerket.dk/kategori/webshops/oplevelser-underholdning/
billetten.dk;https://billetten.dk/;Gaveartikler & blomster (122);https://www.emaerket.dk/kategori/webshops/gaveartikler-blomster/
billibi.com;https://billibi.com/;Tøj & sko (188);https://www.emaerket.dk/kategori/webshops/toej-og-sko/
billigcamping.dk;https://billigcamping.dk/;Bil cykel & transport (62) | Ferie & rejse (33) | Hobby, sport & fritid (281) | Hus & have (490);https://www.emaerket.dk/kategori/webshops/bil-cykel-transport/ | https://www.emaerket.dk/kategori/webshops/ferie-rejse/ | https://www.emaerket.dk/kategori/webshops/hobby-sport-fritid/ | https://www.emaerket.dk/kategori/webshops/hus-have/
billigehjaelpemidler.dk;https://billigehjaelpemidler.dk/;Helse & personlig pleje (195) | Hobby, sport & fritid (281) | Møbler & boligindretning (386);https://www.emaerket.dk/kategori/webshops/helse-personlig-pleje/ | https://www.emaerket.dk/kategori/webshops/hobby-sport-fritid/ | https://www.emaerket.dk/kategori/webshops/mobler-boligindretning/
billigkoste.dk;https://billigkoste.dk/;Hus & have (490) | Møbler & boligindretning (386) | Salg til virksomheder (177);https://www.emaerket.dk/kategori/webshops/hus-have/ | https://www.emaerket.dk/kategori/webshops/mobler-boligindretning/ | https://www.emaerket.dk/kategori/webshops/salg-til-virksomheder/
billigmaling.nu;https://billigmaling.nu/;Byggemarked & byggevarer (129) | Hus & have (490) | Møbler & boligindretning (386);https://www.emaerket.dk/kategori/webshops/byggemarked-byggevarer/ | https://www.emaerket.dk/kategori/webshops/hus-have/ | https://www.emaerket.dk/kategori/webshops/mobler-boligindretning/
billigmobler.dk;https://billigmobler.dk/;Møbler & boligindretning (386);https://www.emaerket.dk/kategori/webshops/mobler-boligindretning/
billigparfume.dk;https://billigparfume.dk/;Helse & personlig pleje (195);https://www.emaerket.dk/kategori/webshops/helse-personlig-pleje/
billigsikring.dk;https://billigsikring.dk/;Hus & have (490) | Møbler & boligindretning (386);https://www.emaerket.dk/kategori/webshops/hus-have/ | https://www.emaerket.dk/kategori/webshops/mobler-boligindretning/
billigskabe.dk;https://billigskabe.dk/;Hus & have (490) | Møbler & boligindretning (386);https://www.emaerket.dk/kategori/webshops/hus-have/ | https://www.emaerket.dk/kategori/webshops/mobler-boligindretning/
billigskadedyr.dk;https://www.billigskadedyr.dk/;Byggemarked & byggevarer (129) | Hus & have (490) | Møbler & boligindretning (386);https://www.emaerket.dk/kategori/webshops/byggemarked-byggevarer/ | https://www.emaerket.dk/kategori/webshops/hus-have/ | https://www.emaerket.dk/kategori/webshops/mobler-boligindretning/
billigsport24.dk;https://billigsport24.dk/;Hobby, sport & fritid (281);https://www.emaerket.dk/kategori/webshops/hobby-sport-fritid/
billigtoner.dk;https://billigtoner.dk/;Elektronik tele & foto (169) | Kontorartikler m.v. (67);https://www.emaerket.dk/kategori/webshops/elektronik-tele-foto/ | https://www.emaerket.dk/kategori/webshops/kontorartikler-m-v/
billigtshirt.dk;https://billigtshirt.dk/;Tøj & sko (188);https://www.emaerket.dk/kategori/webshops/toej-og-sko/
billigvine.dk;https://billigvine.dk/;Mad, vin & dagligvarer (86);https://www.emaerket.dk/kategori/webshops/mad-vin-dagligvarer/
billigvvs.dk;https://billigvvs.dk/;Hus & have (490) | Hvidevarer & VVS (75) | Møbler & boligindretning (386) | Salg til virksomheder (177);https://www.emaerket.dk/kategori/webshops/hus-have/ | https://www.emaerket.dk/kategori/webshops/hvidevarer-vvs/ | https://www.emaerket.dk/kategori/webshops/mobler-boligindretning/ | https://www.emaerket.dk/kategori/webshops/salg-til-virksomheder/
billyblaek.dk;https://www.billyblaek.dk/;Elektronik tele & foto (169) | Kontorartikler m.v. (67);https://www.emaerket.dk/kategori/webshops/elektronik-tele-foto/ | https://www.emaerket.dk/kategori/webshops/kontorartikler-m-v/
bilmedie.dk;https://bilmedie.dk/;Bil cykel & transport (62);https://www.emaerket.dk/kategori/webshops/bil-cykel-transport/
bio-dk.dk;https://www.bio-dk.dk/;Hus & have (490);https://www.emaerket.dk/kategori/webshops/hus-have/
bio-vitae.dk;https://www.bio-vitae.dk/;Helse & personlig pleje (195);https://www.emaerket.dk/kategori/webshops/helse-personlig-pleje/
bioforce.dk;https://bioforce.dk/;Helse & personlig pleje (195);https://www.emaerket.dk/kategori/webshops/helse-personlig-pleje/
birdhouse.dk;https://birdhouse.dk/;Babytøj, børnetøj & ting til børn (123) | Helse & personlig pleje (195) | Uddannelse & kurser (17);https://www.emaerket.dk/kategori/webshops/babytoj-bornetoj-ting-til-born/ | https://www.emaerket.dk/kategori/webshops/helse-personlig-pleje/ | https://www.emaerket.dk/kategori/webshops/uddannelse-kurser/
bisgaardshoes.dk;https://bisgaardshoes.dk/;Babytøj, børnetøj & ting til børn (123) | Tøj & sko (188);https://www.emaerket.dk/kategori/webshops/babytoj-bornetoj-ting-til-born/ | https://www.emaerket.dk/kategori/webshops/toej-og-sko/
bison-webshop.dk;https://bison-webshop.dk/;Tøj & sko (188);https://www.emaerket.dk/kategori/webshops/toej-og-sko/
bitteunivers.dk;https://bitteunivers.dk/;Babytøj, børnetøj & ting til børn (123);https://www.emaerket.dk/kategori/webshops/babytoj-bornetoj-ting-til-born/
bitzliving.com;https://bitzliving.com/;Hus & have (490) | Møbler & boligindretning (386);https://www.emaerket.dk/kategori/webshops/hus-have/ | https://www.emaerket.dk/kategori/webshops/mobler-boligindretning/
bizwear.dk;https://bizwear.dk/;Tøj & sko (188);https://www.emaerket.dk/kategori/webshops/toej-og-sko/
bjergkaeden.dk;https://bjergkaeden.dk/;Elektronik tele & foto (169) | Hobby, sport & fritid (281);https://www.emaerket.dk/kategori/webshops/elektronik-tele-foto/ | https://www.emaerket.dk/kategori/webshops/hobby-sport-fritid/
bk-pack.dk;https://bk-pack.dk/;Salg til virksomheder (177);https://www.emaerket.dk/kategori/webshops/salg-til-virksomheder/
blicherfuglsang.dk;https://www.blicherfuglsang.dk/;Smykker, ure & accessories (130);https://www.emaerket.dk/kategori/webshops/smykker-ure-accessories/
blossom.dk;https://www.blossom.dk/;Helse & personlig pleje (195) | Møbler & boligindretning (386) | Smykker, ure & accessories (130) | Tøj & sko (188);https://www.emaerket.dk/kategori/webshops/helse-personlig-pleje/ | https://www.emaerket.dk/kategori/webshops/mobler-boligindretning/ | https://www.emaerket.dk/kategori/webshops/smykker-ure-accessories/ | https://www.emaerket.dk/kategori/webshops/toej-og-sko/
bm-fitness.dk;https://bm-fitness.dk/;Hobby, sport & fritid (281);https://www.emaerket.dk/kategori/webshops/hobby-sport-fritid/
bmradio.dk;https://bmradio.dk/;Elektronik tele & foto (169);https://www.emaerket.dk/kategori/webshops/elektronik-tele-foto/
bnaboardshop.dk;https://bnaboardshop.dk/;Hobby, sport & fritid (281);https://www.emaerket.dk/kategori/webshops/hobby-sport-fritid/
bnfarver.dk;https://bnfarver.dk/;Hus & have (490) | Møbler & boligindretning (386);https://www.emaerket.dk/kategori/webshops/hus-have/ | https://www.emaerket.dk/kategori/webshops/mobler-boligindretning/
body-sds.dk;https://body-sds.dk/;Helse & personlig pleje (195);https://www.emaerket.dk/kategori/webshops/helse-personlig-pleje/
boerkopcykler.dk;https://boerkopcykler.dk/;Bil cykel & transport (62) | Hobby, sport & fritid (281) | Tøj & sko (188);https://www.emaerket.dk/kategori/webshops/bil-cykel-transport/ | https://www.emaerket.dk/kategori/webshops/hobby-sport-fritid/ | https://www.emaerket.dk/kategori/webshops/toej-og-sko/
boernecyklerne.dk;https://boernecyklerne.dk/;Babytøj, børnetøj & ting til børn (123) | Bil cykel & transport (62);https://www.emaerket.dk/kategori/webshops/babytoj-bornetoj-ting-til-born/ | https://www.emaerket.dk/kategori/webshops/bil-cykel-transport/
bog-ide.dk;https://www.bog-ide.dk/;Bøger, cd'er, film & brætspil (41) | Kontorartikler m.v. (67);https://www.emaerket.dk/kategori/webshops/boeger-cder-film-braetspil/ | https://www.emaerket.dk/kategori/webshops/kontorartikler-m-v/
bog-mystik.dk;https://bog-mystik.dk/;Bøger, cd'er, film & brætspil (41);https://www.emaerket.dk/kategori/webshops/boeger-cder-film-braetspil/
bogstaverogtal.dk;https://bogstaverogtal.dk/;Hobby, sport & fritid (281) | Hus & have (490) | Møbler & boligindretning (386) | Organisationer & foreninger (9) | Salg til virksomheder (177);https://www.emaerket.dk/kategori/webshops/hobby-sport-fritid/ | https://www.emaerket.dk/kategori/webshops/hus-have/ | https://www.emaerket.dk/kategori/webshops/mobler-boligindretning/ | https://www.emaerket.dk/kategori/webshops/organisationer-foreninger/ | https://www.emaerket.dk/kategori/webshops/salg-til-virksomheder/
bolig-kilden.dk;https://bolig-kilden.dk/;Hus & have (490) | Møbler & boligindretning (386);https://www.emaerket.dk/kategori/webshops/hus-have/ | https://www.emaerket.dk/kategori/webshops/mobler-boligindretning/
boliglover.dk;https://boliglover.dk/;Gaveartikler & blomster (122) | Helse & personlig pleje (195) | Møbler & boligindretning (386) | Salg til virksomheder (177);https://www.emaerket.dk/kategori/webshops/gaveartikler-blomster/ | https://www.emaerket.dk/kategori/webshops/helse-personlig-pleje/ | https://www.emaerket.dk/kategori/webshops/mobler-boligindretning/ | https://www.emaerket.dk/kategori/webshops/salg-til-virksomheder/
boligretning.dk;https://boligretning.dk/;Babytøj, børnetøj & ting til børn (123) | Hobby, sport & fritid (281) | Hus & have (490) | Møbler & boligindretning (386);https://www.emaerket.dk/kategori/webshops/babytoj-bornetoj-ting-til-born/ | https://www.emaerket.dk/kategori/webshops/hobby-sport-fritid/ | https://www.emaerket.dk/kategori/webshops/hus-have/ | https://www.emaerket.dk/kategori/webshops/mobler-boligindretning/
bolind.dk;https://bolind.dk/;Elektronik tele & foto (169) | Hus & have (490) | Hvidevarer & VVS (75) | Møbler & boligindretning (386);https://www.emaerket.dk/kategori/webshops/elektronik-tele-foto/ | https://www.emaerket.dk/kategori/webshops/hus-have/ | https://www.emaerket.dk/kategori/webshops/hvidevarer-vvs/ | https://www.emaerket.dk/kategori/webshops/mobler-boligindretning/
boltelageret.dk;https://boltelageret.dk/;Byggemarked & byggevarer (129) | Hus & have (490);https://www.emaerket.dk/kategori/webshops/byggemarked-byggevarer/ | https://www.emaerket.dk/kategori/webshops/hus-have/
bondeboutique.dk;https://bondeboutique.dk/;Tøj & sko (188);https://www.emaerket.dk/kategori/webshops/toej-og-sko/
bonlulu.dk;https://bonlulu.dk/;Babytøj, børnetøj & ting til børn (123) | Tøj & sko (188);https://www.emaerket.dk/kategori/webshops/babytoj-bornetoj-ting-til-born/ | https://www.emaerket.dk/kategori/webshops/toej-og-sko/
bonsavon.dk;https://bonsavon.dk/;Gaveartikler & blomster (122) | Helse & personlig pleje (195) | Møbler & boligindretning (386);https://www.emaerket.dk/kategori/webshops/gaveartikler-blomster/ | https://www.emaerket.dk/kategori/webshops/helse-personlig-pleje/ | https://www.emaerket.dk/kategori/webshops/mobler-boligindretning/
boody.dk;https://www.boody.dk/;Tøj & sko (188);https://www.emaerket.dk/kategori/webshops/toej-og-sko/
boozt.com;https://www.boozt.com/dk/da;Babytøj, børnetøj & ting til børn (123) | Gaveartikler & blomster (122) | Helse & personlig pleje (195) | Smykker, ure & accessories (130) | Tøj & sko (188);https://www.emaerket.dk/kategori/webshops/babytoj-bornetoj-ting-til-born/ | https://www.emaerket.dk/kategori/webshops/gaveartikler-blomster/ | https://www.emaerket.dk/kategori/webshops/helse-personlig-pleje/ | https://www.emaerket.dk/kategori/webshops/smykker-ure-accessories/ | https://www.emaerket.dk/kategori/webshops/toej-og-sko/
boshop.dk;https://boshop.dk/;Gaveartikler & blomster (122) | Hus & have (490) | Kunst (34) | Møbler & boligindretning (386) | Salg til virksomheder (177);https://www.emaerket.dk/kategori/webshops/gaveartikler-blomster/ | https://www.emaerket.dk/kategori/webshops/hus-have/ | https://www.emaerket.dk/kategori/webshops/kunst/ | https://www.emaerket.dk/kategori/webshops/mobler-boligindretning/ | https://www.emaerket.dk/kategori/webshops/salg-til-virksomheder/
botex.dk;https://botex.dk/;Hus & have (490) | Møbler & boligindretning (386);https://www.emaerket.dk/kategori/webshops/hus-have/ | https://www.emaerket.dk/kategori/webshops/mobler-boligindretning/
boxquiz.dk;https://www.boxquiz.dk/;Bøger, cd'er, film & brætspil (41) | Gaveartikler & blomster (122) | Hobby, sport & fritid (281) | Kunst (34) | Oplevelser & underholdning (21) | Salg til virksomheder (177);https://www.emaerket.dk/kategori/webshops/boeger-cder-film-braetspil/ | https://www.emaerket.dk/kategori/webshops/gaveartikler-blomster/ | https://www.emaerket.dk/kategori/webshops/hobby-sport-fritid/ | https://www.emaerket.dk/kategori/webshops/kunst/ | https://www.emaerket.dk/kategori/webshops/oplevelser-underholdning/ | https://www.emaerket.dk/kategori/webshops/salg-til-virksomheder/
br-electronic.dk;https://br-electronic.dk/;Elektronik tele & foto (169);https://www.emaerket.dk/kategori/webshops/elektronik-tele-foto/
br.dk;https://br.dk/;Babytøj, børnetøj & ting til børn (123) | Bøger, cd'er, film & brætspil (41) | Elektronik tele & foto (169);https://www.emaerket.dk/kategori/webshops/babytoj-bornetoj-ting-til-born/ | https://www.emaerket.dk/kategori/webshops/boeger-cder-film-braetspil/ | https://www.emaerket.dk/kategori/webshops/elektronik-tele-foto/
braemer-jensen.dk;https://braemer-jensen.dk/;Gaveartikler & blomster (122) | Smykker, ure & accessories (130);https://www.emaerket.dk/kategori/webshops/gaveartikler-blomster/ | https://www.emaerket.dk/kategori/webshops/smykker-ure-accessories/
braendeovns-shoppen.dk;https://braendeovns-shoppen.dk/;Hus & have (490) | Møbler & boligindretning (386);https://www.emaerket.dk/kategori/webshops/hus-have/ | https://www.emaerket.dk/kategori/webshops/mobler-boligindretning/
brandshop.dk;https://brandshop.dk/;Helse & personlig pleje (195);https://www.emaerket.dk/kategori/webshops/helse-personlig-pleje/
brasholt.nu;https://brasholt.nu/;Hobby, sport & fritid (281) | Tøj & sko (188);https://www.emaerket.dk/kategori/webshops/hobby-sport-fritid/ | https://www.emaerket.dk/kategori/webshops/toej-og-sko/
brdr-friis.dk;https://brdr-friis.dk/;Hus & have (490) | Møbler & boligindretning (386);https://www.emaerket.dk/kategori/webshops/hus-have/ | https://www.emaerket.dk/kategori/webshops/mobler-boligindretning/
brdr-sorensen.com;https://brdr-sorensen.com/;Hus & have (490) | Møbler & boligindretning (386);https://www.emaerket.dk/kategori/webshops/hus-have/ | https://www.emaerket.dk/kategori/webshops/mobler-boligindretning/
breathenordic.dk;https://breathenordic.dk/;Helse & personlig pleje (195) | Tøj & sko (188);https://www.emaerket.dk/kategori/webshops/helse-personlig-pleje/ | https://www.emaerket.dk/kategori/webshops/toej-og-sko/
bredstenbiobraendsel.dk;https://bredstenbiobraendsel.dk/;Byggemarked & byggevarer (129) | Hus & have (490);https://www.emaerket.dk/kategori/webshops/byggemarked-byggevarer/ | https://www.emaerket.dk/kategori/webshops/hus-have/
brogaarden.eu;https://brogaarden.eu/;Dyr & deres pleje (68);https://www.emaerket.dk/kategori/webshops/dyr-deres-pleje/
brondsholm.dk;https://brondsholm.dk/;Gaveartikler & blomster (122) | Hobby, sport & fritid (281) | Hus & have (490);https://www.emaerket.dk/kategori/webshops/gaveartikler-blomster/ | https://www.emaerket.dk/kategori/webshops/hobby-sport-fritid/ | https://www.emaerket.dk/kategori/webshops/hus-have/
brugskunst.dk;https://brugskunst.dk/;Babytøj, børnetøj & ting til børn (123) | Ferie & rejse (33) | Gaveartikler & blomster (122) | Hobby, sport & fritid (281) | Hus & have (490) | Kunst (34) | Møbler & boligindretning (386) | Salg til virksomheder (177);https://www.emaerket.dk/kategori/webshops/babytoj-bornetoj-ting-til-born/ | https://www.emaerket.dk/kategori/webshops/ferie-rejse/ | https://www.emaerket.dk/kategori/webshops/gaveartikler-blomster/ | https://www.emaerket.dk/kategori/webshops/hobby-sport-fritid/ | https://www.emaerket.dk/kategori/webshops/hus-have/ | https://www.emaerket.dk/kategori/webshops/kunst/ | https://www.emaerket.dk/kategori/webshops/mobler-boligindretning/ | https://www.emaerket.dk/kategori/webshops/salg-til-virksomheder/
brugteski.dk;https://www.brugteski.dk/;Hobby, sport & fritid (281);https://www.emaerket.dk/kategori/webshops/hobby-sport-fritid/
brushh.dk;https://brushh.dk/;Helse & personlig pleje (195);https://www.emaerket.dk/kategori/webshops/helse-personlig-pleje/
bubbleroom.dk;https://bubbleroom.dk/;Smykker, ure & accessories (130) | Tøj & sko (188);https://www.emaerket.dk/kategori/webshops/smykker-ure-accessories/ | https://www.emaerket.dk/kategori/webshops/toej-og-sko/
bumleshoppen.dk;https://bumleshoppen.dk/;Dyr & deres pleje (68);https://www.emaerket.dk/kategori/webshops/dyr-deres-pleje/
butik.legoglektie.dk;https://www.butik.legoglektie.dk/;Hobby, sport & fritid (281) | Kontorartikler m.v. (67) | Uddannelse & kurser (17);https://www.emaerket.dk/kategori/webshops/hobby-sport-fritid/ | https://www.emaerket.dk/kategori/webshops/kontorartikler-m-v/ | https://www.emaerket.dk/kategori/webshops/uddannelse-kurser/
butik24.dk;https://www.butik24.dk/;Elektronik tele & foto (169) | Helse & personlig pleje (195) | Hvidevarer & VVS (75) | Musik & udstyr (20);https://www.emaerket.dk/kategori/webshops/elektronik-tele-foto/ | https://www.emaerket.dk/kategori/webshops/helse-personlig-pleje/ | https://www.emaerket.dk/kategori/webshops/hvidevarer-vvs/ | https://www.emaerket.dk/kategori/webshops/musik-udstyr/
butiklunden.dk;https://www.butiklunden.dk/;Dyr & deres pleje (68);https://www.emaerket.dk/kategori/webshops/dyr-deres-pleje/
butterflyshop.dk;https://butterflyshop.dk/;Hobby, sport & fritid (281);https://www.emaerket.dk/kategori/webshops/hobby-sport-fritid/
buump.com;https://buump.com/;Babytøj, børnetøj & ting til børn (123) | Helse & personlig pleje (195) | Smykker, ure & accessories (130) | Tøj & sko (188);https://www.emaerket.dk/kategori/webshops/babytoj-bornetoj-ting-til-born/ | https://www.emaerket.dk/kategori/webshops/helse-personlig-pleje/ | https://www.emaerket.dk/kategori/webshops/smykker-ure-accessories/ | https://www.emaerket.dk/kategori/webshops/toej-og-sko/
buursamsoe.dk;https://buursamsoe.dk/;Tøj & sko (188);https://www.emaerket.dk/kategori/webshops/toej-og-sko/
byens-it.dk;https://byens-it.dk/;Elektronik tele & foto (169);https://www.emaerket.dk/kategori/webshops/elektronik-tele-foto/
byfrey.dk;https://byfrey.dk/;Helse & personlig pleje (195);https://www.emaerket.dk/kategori/webshops/helse-personlig-pleje/
byfroberg.dk;https://byfroberg.dk/;Hus & have (490) | Møbler & boligindretning (386);https://www.emaerket.dk/kategori/webshops/hus-have/ | https://www.emaerket.dk/kategori/webshops/mobler-boligindretning/
byggmax.dk;https://byggmax.dk/;Byggemarked & byggevarer (129);https://www.emaerket.dk/kategori/webshops/byggemarked-byggevarer/
bygholm-online.dk;https://bygholm-online.dk/;Tøj & sko (188);https://www.emaerket.dk/kategori/webshops/toej-og-sko/
bygma.dk;https://www.bygma.dk/;Byggemarked & byggevarer (129) | Hus & have (490) | Hvidevarer & VVS (75) | Møbler & boligindretning (386);https://www.emaerket.dk/kategori/webshops/byggemarked-byggevarer/ | https://www.emaerket.dk/kategori/webshops/hus-have/ | https://www.emaerket.dk/kategori/webshops/hvidevarer-vvs/ | https://www.emaerket.dk/kategori/webshops/mobler-boligindretning/
bygxtra.dk;https://bygxtra.dk/;Bil cykel & transport (62) | Byggemarked & byggevarer (129) | Hobby, sport & fritid (281) | Hus & have (490);https://www.emaerket.dk/kategori/webshops/bil-cykel-transport/ | https://www.emaerket.dk/kategori/webshops/byggemarked-byggevarer/ | https://www.emaerket.dk/kategori/webshops/hobby-sport-fritid/ | https://www.emaerket.dk/kategori/webshops/hus-have/
bykalstrup.dk;https://bykalstrup.dk/;Babytøj, børnetøj & ting til børn (123) | Helse & personlig pleje (195) | Møbler & boligindretning (386) | Smykker, ure & accessories (130) | Tøj & sko (188);https://www.emaerket.dk/kategori/webshops/babytoj-bornetoj-ting-til-born/ | https://www.emaerket.dk/kategori/webshops/helse-personlig-pleje/ | https://www.emaerket.dk/kategori/webshops/mobler-boligindretning/ | https://www.emaerket.dk/kategori/webshops/smykker-ure-accessories/ | https://www.emaerket.dk/kategori/webshops/toej-og-sko/
bymain.dk;https://www.bymain.dk/;Byggemarked & byggevarer (129) | Hus & have (490) | Møbler & boligindretning (386) | Salg til virksomheder (177);https://www.emaerket.dk/kategori/webshops/byggemarked-byggevarer/ | https://www.emaerket.dk/kategori/webshops/hus-have/ | https://www.emaerket.dk/kategori/webshops/mobler-boligindretning/ | https://www.emaerket.dk/kategori/webshops/salg-til-virksomheder/
bymeyland.dk;https://bymeyland.dk/;Babytøj, børnetøj & ting til børn (123);https://www.emaerket.dk/kategori/webshops/babytoj-bornetoj-ting-til-born/
bystaer.dk;https://bystaer.dk/;Babytøj, børnetøj & ting til børn (123) | Møbler & boligindretning (386) | Smykker, ure & accessories (130) | Tøj & sko (188);https://www.emaerket.dk/kategori/webshops/babytoj-bornetoj-ting-til-born/ | https://www.emaerket.dk/kategori/webshops/mobler-boligindretning/ | https://www.emaerket.dk/kategori/webshops/smykker-ure-accessories/ | https://www.emaerket.dk/kategori/webshops/toej-og-sko/
bywood.dk;https://bywood.dk/;Byggemarked & byggevarer (129) | Hus & have (490);https://www.emaerket.dk/kategori/webshops/byggemarked-byggevarer/ | https://www.emaerket.dk/kategori/webshops/hus-have/
c-centrum.dk;https://c-centrum.dk/;Babytøj, børnetøj & ting til børn (123) | Gaveartikler & blomster (122) | Kontorartikler m.v. (67) | Møbler & boligindretning (386) | Smykker, ure & accessories (130);https://www.emaerket.dk/kategori/webshops/babytoj-bornetoj-ting-til-born/ | https://www.emaerket.dk/kategori/webshops/gaveartikler-blomster/ | https://www.emaerket.dk/kategori/webshops/kontorartikler-m-v/ | https://www.emaerket.dk/kategori/webshops/mobler-boligindretning/ | https://www.emaerket.dk/kategori/webshops/smykker-ure-accessories/
calle.dk;https://calle.dk/;Mad, vin & dagligvarer (86);https://www.emaerket.dk/kategori/webshops/mad-vin-dagligvarer/
callme.dk;https://callme.dk/;Elektronik tele & foto (169) | Salg til virksomheder (177);https://www.emaerket.dk/kategori/webshops/elektronik-tele-foto/ | https://www.emaerket.dk/kategori/webshops/salg-til-virksomheder/
camette.dk;https://camette.dk/;Helse & personlig pleje (195) | Tøj & sko (188);https://www.emaerket.dk/kategori/webshops/helse-personlig-pleje/ | https://www.emaerket.dk/kategori/webshops/toej-og-sko/
camillakroeyer.dk;https://camillakroeyer.dk/;Smykker, ure & accessories (130);https://www.emaerket.dk/kategori/webshops/smykker-ure-accessories/
campaya.dk;https://www.campaya.dk/;Ferie & rejse (33);https://www.emaerket.dk/kategori/webshops/ferie-rejse/
campingsalg.dk;https://campingsalg.dk/;Bil cykel & transport (62) | Elektronik tele & foto (169) | Ferie & rejse (33) | Hobby, sport & fritid (281) | Hus & have (490) | Møbler & boligindretning (386);https://www.emaerket.dk/kategori/webshops/bil-cykel-transport/ | https://www.emaerket.dk/kategori/webshops/elektronik-tele-foto/ | https://www.emaerket.dk/kategori/webshops/ferie-rejse/ | https://www.emaerket.dk/kategori/webshops/hobby-sport-fritid/ | https://www.emaerket.dk/kategori/webshops/hus-have/ | https://www.emaerket.dk/kategori/webshops/mobler-boligindretning/
canacare.dk;https://canacare.dk/;Helse & personlig pleje (195);https://www.emaerket.dk/kategori/webshops/helse-personlig-pleje/
cane-line.dk;https://cane-line.dk/;Hus & have (490) | Møbler & boligindretning (386);https://www.emaerket.dk/kategori/webshops/hus-have/ | https://www.emaerket.dk/kategori/webshops/mobler-boligindretning/
cannasen.dk;https://cannasen.dk/;Helse & personlig pleje (195);https://www.emaerket.dk/kategori/webshops/helse-personlig-pleje/
capida.dk;https://www.capida.dk/;Bil cykel & transport (62) | Elektronik tele & foto (169) | Hus & have (490) | Kontorartikler m.v. (67) | Salg til virksomheder (177);https://www.emaerket.dk/kategori/webshops/bil-cykel-transport/ | https://www.emaerket.dk/kategori/webshops/elektronik-tele-foto/ | https://www.emaerket.dk/kategori/webshops/hus-have/ | https://www.emaerket.dk/kategori/webshops/kontorartikler-m-v/ | https://www.emaerket.dk/kategori/webshops/salg-til-virksomheder/
caqo.dk;https://caqo.dk/;Helse & personlig pleje (195) | Møbler & boligindretning (386);https://www.emaerket.dk/kategori/webshops/helse-personlig-pleje/ | https://www.emaerket.dk/kategori/webshops/mobler-boligindretning/
carecopenhagen.dk;https://carecopenhagen.dk/;Elektronik tele & foto (169) | Helse & personlig pleje (195);https://www.emaerket.dk/kategori/webshops/elektronik-tele-foto/ | https://www.emaerket.dk/kategori/webshops/helse-personlig-pleje/
careofcarl.dk;https://www.careofcarl.dk/;Tøj & sko (188);https://www.emaerket.dk/kategori/webshops/toej-og-sko/
carerelief.dk;https://carerelief.dk/;Hobby, sport & fritid (281);https://www.emaerket.dk/kategori/webshops/hobby-sport-fritid/
cargokid.dk;https://cargokid.dk/;Bil cykel & transport (62);https://www.emaerket.dk/kategori/webshops/bil-cykel-transport/
carlab.dk;https://carlab.dk/;Bil cykel & transport (62);https://www.emaerket.dk/kategori/webshops/bil-cykel-transport/
carlhansen.com;https://carlhansen.com/;Møbler & boligindretning (386);https://www.emaerket.dk/kategori/webshops/mobler-boligindretning/
carlsens-arbejdstoj.dk;https://carlsens-arbejdstoj.dk/;Byggemarked & byggevarer (129) | Hus & have (490) | Salg til virksomheder (177) | Tøj & sko (188);https://www.emaerket.dk/kategori/webshops/byggemarked-byggevarer/ | https://www.emaerket.dk/kategori/webshops/hus-have/ | https://www.emaerket.dk/kategori/webshops/salg-til-virksomheder/ | https://www.emaerket.dk/kategori/webshops/toej-og-sko/
cashott.dk;https://cashott.dk/;Tøj & sko (188);https://www.emaerket.dk/kategori/webshops/toej-og-sko/
cchobby.dk;https://cchobby.dk/;Hobby, sport & fritid (281);https://www.emaerket.dk/kategori/webshops/hobby-sport-fritid/
centralmoebler.dk;https://centralmoebler.dk/;Hus & have (490) | Kontorartikler m.v. (67) | Møbler & boligindretning (386);https://www.emaerket.dk/kategori/webshops/hus-have/ | https://www.emaerket.dk/kategori/webshops/kontorartikler-m-v/ | https://www.emaerket.dk/kategori/webshops/mobler-boligindretning/
cewe.dk;https://cewe.dk/;Elektronik tele & foto (169);https://www.emaerket.dk/kategori/webshops/elektronik-tele-foto/
champagnekaelderen.dk;https://champagnekaelderen.dk/;Gaveartikler & blomster (122) | Mad, vin & dagligvarer (86) | Oplevelser & underholdning (21);https://www.emaerket.dk/kategori/webshops/gaveartikler-blomster/ | https://www.emaerket.dk/kategori/webshops/mad-vin-dagligvarer/ | https://www.emaerket.dk/kategori/webshops/oplevelser-underholdning/
chaya.dk;https://chaya.dk/;Gaveartikler & blomster (122) | Mad, vin & dagligvarer (86);https://www.emaerket.dk/kategori/webshops/gaveartikler-blomster/ | https://www.emaerket.dk/kategori/webshops/mad-vin-dagligvarer/
chiliklaus.dk;https://chiliklaus.dk/;Mad, vin & dagligvarer (86);https://www.emaerket.dk/kategori/webshops/mad-vin-dagligvarer/
cilo.dk;https://www.cilo.dk/;Elektronik tele & foto (169);https://www.emaerket.dk/kategori/webshops/elektronik-tele-foto/
classic-center.dk;https://classic-center.dk/;Bil cykel & transport (62) | Gaveartikler & blomster (122) | Hobby, sport & fritid (281);https://www.emaerket.dk/kategori/webshops/bil-cykel-transport/ | https://www.emaerket.dk/kategori/webshops/gaveartikler-blomster/ | https://www.emaerket.dk/kategori/webshops/hobby-sport-fritid/
claus-holm.com;https://claus-holm.com/;Hus & have (490);https://www.emaerket.dk/kategori/webshops/hus-have/
cleanbags.dk;https://cleanbags.dk/;Hobby, sport & fritid (281);https://www.emaerket.dk/kategori/webshops/hobby-sport-fritid/
cleanfriend.dk;https://cleanfriend.dk/;Elektronik tele & foto (169) | Hus & have (490);https://www.emaerket.dk/kategori/webshops/elektronik-tele-foto/ | https://www.emaerket.dk/kategori/webshops/hus-have/
clearcarats.dk;https://clearcarats.dk/;Smykker, ure & accessories (130);https://www.emaerket.dk/kategori/webshops/smykker-ure-accessories/
clubcollection.com;https://clubcollection.com/;Tøj & sko (188);https://www.emaerket.dk/kategori/webshops/toej-og-sko/
cocooncompany.dk;https://cocooncompany.dk/;Helse & personlig pleje (195) | Møbler & boligindretning (386);https://www.emaerket.dk/kategori/webshops/helse-personlig-pleje/ | https://www.emaerket.dk/kategori/webshops/mobler-boligindretning/
cocopanda.dk;https://www.cocopanda.dk/;Helse & personlig pleje (195) | Smykker, ure & accessories (130);https://www.emaerket.dk/kategori/webshops/helse-personlig-pleje/ | https://www.emaerket.dk/kategori/webshops/smykker-ure-accessories/
cognachuset.dk;https://cognachuset.dk/;Gaveartikler & blomster (122) | Mad, vin & dagligvarer (86);https://www.emaerket.dk/kategori/webshops/gaveartikler-blomster/ | https://www.emaerket.dk/kategori/webshops/mad-vin-dagligvarer/
comforth.dk;https://comforth.dk/;Helse & personlig pleje (195);https://www.emaerket.dk/kategori/webshops/helse-personlig-pleje/
completvvs.dk;https://completvvs.dk/;Hus & have (490) | Hvidevarer & VVS (75);https://www.emaerket.dk/kategori/webshops/hus-have/ | https://www.emaerket.dk/kategori/webshops/hvidevarer-vvs/
conradelektronik.dk;https://conradelektronik.dk/;Bil cykel & transport (62) | Byggemarked & byggevarer (129) | Elektronik tele & foto (169) | Hobby, sport & fritid (281) | Hus & have (490) | Kontorartikler m.v. (67);https://www.emaerket.dk/kategori/webshops/bil-cykel-transport/ | https://www.emaerket.dk/kategori/webshops/byggemarked-byggevarer/ | https://www.emaerket.dk/kategori/webshops/elektronik-tele-foto/ | https://www.emaerket.dk/kategori/webshops/hobby-sport-fritid/ | https://www.emaerket.dk/kategori/webshops/hus-have/ | https://www.emaerket.dk/kategori/webshops/kontorartikler-m-v/
coolstuff.dk;https://coolstuff.dk/;Elektronik tele & foto (169) | Gaveartikler & blomster (122) | Hobby, sport & fritid (281) | Hus & have (490);https://www.emaerket.dk/kategori/webshops/elektronik-tele-foto/ | https://www.emaerket.dk/kategori/webshops/gaveartikler-blomster/ | https://www.emaerket.dk/kategori/webshops/hobby-sport-fritid/ | https://www.emaerket.dk/kategori/webshops/hus-have/
cooltekwebshop.dk;https://cooltekwebshop.dk/;Elektronik tele & foto (169) | Møbler & boligindretning (386);https://www.emaerket.dk/kategori/webshops/elektronik-tele-foto/ | https://www.emaerket.dk/kategori/webshops/mobler-boligindretning/
copenhagenhomedesign.dk;https://copenhagenhomedesign.dk/;Byggemarked & byggevarer (129) | Hus & have (490);https://www.emaerket.dk/kategori/webshops/byggemarked-byggevarer/ | https://www.emaerket.dk/kategori/webshops/hus-have/
copenhagensmykker.dk;https://copenhagensmykker.dk/;Smykker, ure & accessories (130);https://www.emaerket.dk/kategori/webshops/smykker-ure-accessories/
cosmaderm.dk;https://cosmaderm.dk/;Helse & personlig pleje (195) | Salg til virksomheder (177) | Uddannelse & kurser (17);https://www.emaerket.dk/kategori/webshops/helse-personlig-pleje/ | https://www.emaerket.dk/kategori/webshops/salg-til-virksomheder/ | https://www.emaerket.dk/kategori/webshops/uddannelse-kurser/
cotonshoppen.dk;https://cotonshoppen.dk/;Dyr & deres pleje (68);https://www.emaerket.dk/kategori/webshops/dyr-deres-pleje/
cowconcept.dk;https://cowconcept.dk/;Helse & personlig pleje (195) | Smykker, ure & accessories (130) | Tøj & sko (188);https://www.emaerket.dk/kategori/webshops/helse-personlig-pleje/ | https://www.emaerket.dk/kategori/webshops/smykker-ure-accessories/ | https://www.emaerket.dk/kategori/webshops/toej-og-sko/
cphliving.dk;https://www.cphliving.dk/;Helse & personlig pleje (195) | Hus & have (490) | Møbler & boligindretning (386);https://www.emaerket.dk/kategori/webshops/helse-personlig-pleje/ | https://www.emaerket.dk/kategori/webshops/hus-have/ | https://www.emaerket.dk/kategori/webshops/mobler-boligindretning/
craftsy.dk;https://craftsy.dk/;Gaveartikler & blomster (122) | Hobby, sport & fritid (281) | Kunst (34);https://www.emaerket.dk/kategori/webshops/gaveartikler-blomster/ | https://www.emaerket.dk/kategori/webshops/hobby-sport-fritid/ | https://www.emaerket.dk/kategori/webshops/kunst/
creativ.dk;https://www.creativ.dk/;Kontorartikler m.v. (67) | Salg til virksomheder (177);https://www.emaerket.dk/kategori/webshops/kontorartikler-m-v/ | https://www.emaerket.dk/kategori/webshops/salg-til-virksomheder/
creativestory.dk;https://creativestory.dk/;Hobby, sport & fritid (281);https://www.emaerket.dk/kategori/webshops/hobby-sport-fritid/
cremedelacremeshop.dk;https://cremedelacremeshop.dk/;Helse & personlig pleje (195);https://www.emaerket.dk/kategori/webshops/helse-personlig-pleje/
cs24.dk;https://cs24.dk/;Bil cykel & transport (62) | Byggemarked & byggevarer (129) | Salg til virksomheder (177);https://www.emaerket.dk/kategori/webshops/bil-cykel-transport/ | https://www.emaerket.dk/kategori/webshops/byggemarked-byggevarer/ | https://www.emaerket.dk/kategori/webshops/salg-til-virksomheder/
csmegastore.dk;https://www.csmegastore.dk/;Byggemarked & byggevarer (129) | Elektronik tele & foto (169) | Helse & personlig pleje (195) | Hobby, sport & fritid (281) | Hus & have (490) | Hvidevarer & VVS (75) | Kontorartikler m.v. (67) | Møbler & boligindretning (386);https://www.emaerket.dk/kategori/webshops/byggemarked-byggevarer/ | https://www.emaerket.dk/kategori/webshops/elektronik-tele-foto/ | https://www.emaerket.dk/kategori/webshops/helse-personlig-pleje/ | https://www.emaerket.dk/kategori/webshops/hobby-sport-fritid/ | https://www.emaerket.dk/kategori/webshops/hus-have/ | https://www.emaerket.dk/kategori/webshops/hvidevarer-vvs/ | https://www.emaerket.dk/kategori/webshops/kontorartikler-m-v/ | https://www.emaerket.dk/kategori/webshops/mobler-boligindretning/
ctiparty.dk;https://www.ctiparty.dk/;Gaveartikler & blomster (122);https://www.emaerket.dk/kategori/webshops/gaveartikler-blomster/
cuubis.dk;https://www.cuubis.dk/;Hus & have (490);https://www.emaerket.dk/kategori/webshops/hus-have/
cykelexperten.dk;https://cykelexperten.dk/;Bil cykel & transport (62) | Hobby, sport & fritid (281) | Tøj & sko (188);https://www.emaerket.dk/kategori/webshops/bil-cykel-transport/ | https://www.emaerket.dk/kategori/webshops/hobby-sport-fritid/ | https://www.emaerket.dk/kategori/webshops/toej-og-sko/
cykelhjelm.dk;https://www.cykelhjelm.dk/;Bil cykel & transport (62);https://www.emaerket.dk/kategori/webshops/bil-cykel-transport/
cykelshoppen.dk;https://cykelshoppen.dk/;Hobby, sport & fritid (281);https://www.emaerket.dk/kategori/webshops/hobby-sport-fritid/
daells-bolighus.dk;https://daells-bolighus.dk/;Møbler & boligindretning (386);https://www.emaerket.dk/kategori/webshops/mobler-boligindretning/
dagensbolig.dk;https://dagensbolig.dk/;Bil cykel & transport (62) | Byggemarked & byggevarer (129) | Dyr & deres pleje (68) | Hobby, sport & fritid (281) | Hus & have (490) | Møbler & boligindretning (386) | Salg til virksomheder (177);https://www.emaerket.dk/kategori/webshops/bil-cykel-transport/ | https://www.emaerket.dk/kategori/webshops/byggemarked-byggevarer/ | https://www.emaerket.dk/kategori/webshops/dyr-deres-pleje/ | https://www.emaerket.dk/kategori/webshops/hobby-sport-fritid/ | https://www.emaerket.dk/kategori/webshops/hus-have/ | https://www.emaerket.dk/kategori/webshops/mobler-boligindretning/ | https://www.emaerket.dk/kategori/webshops/salg-til-virksomheder/
daily-living.dk;https://daily-living.dk/;Hus & have (490) | Møbler & boligindretning (386);https://www.emaerket.dk/kategori/webshops/hus-have/ | https://www.emaerket.dk/kategori/webshops/mobler-boligindretning/
dalgaard-it.dk;https://dalgaard-it.dk/;Elektronik tele & foto (169) | Kontorartikler m.v. (67) | Salg til virksomheder (177);https://www.emaerket.dk/kategori/webshops/elektronik-tele-foto/ | https://www.emaerket.dk/kategori/webshops/kontorartikler-m-v/ | https://www.emaerket.dk/kategori/webshops/salg-til-virksomheder/
dalmosebraende.dk;https://dalmosebraende.dk/;Hus & have (490) | Møbler & boligindretning (386);https://www.emaerket.dk/kategori/webshops/hus-have/ | https://www.emaerket.dk/kategori/webshops/mobler-boligindretning/
damborg.dk;https://damborg.dk/;Elektronik tele & foto (169) | Hus & have (490) | Møbler & boligindretning (386) | Salg til virksomheder (177);https://www.emaerket.dk/kategori/webshops/elektronik-tele-foto/ | https://www.emaerket.dk/kategori/webshops/hus-have/ | https://www.emaerket.dk/kategori/webshops/mobler-boligindretning/ | https://www.emaerket.dk/kategori/webshops/salg-til-virksomheder/
damborghave.dk;https://damborghave.dk/;Hus & have (490) | Møbler & boligindretning (386);https://www.emaerket.dk/kategori/webshops/hus-have/ | https://www.emaerket.dk/kategori/webshops/mobler-boligindretning/
damsgaardscaravancenter.dk;https://damsgaardscaravancenter.dk/;Ferie & rejse (33) | Hobby, sport & fritid (281);https://www.emaerket.dk/kategori/webshops/ferie-rejse/ | https://www.emaerket.dk/kategori/webshops/hobby-sport-fritid/
danhostel.dk;https://danhostel.dk/;Ferie & rejse (33) | Hobby, sport & fritid (281) | Oplevelser & underholdning (21) | Organisationer & foreninger (9);https://www.emaerket.dk/kategori/webshops/ferie-rejse/ | https://www.emaerket.dk/kategori/webshops/hobby-sport-fritid/ | https://www.emaerket.dk/kategori/webshops/oplevelser-underholdning/ | https://www.emaerket.dk/kategori/webshops/organisationer-foreninger/
danishagroshoppen.dk;https://danishagroshoppen.dk/;Dyr & deres pleje (68) | Hus & have (490);https://www.emaerket.dk/kategori/webshops/dyr-deres-pleje/ | https://www.emaerket.dk/kategori/webshops/hus-have/
danishvintage.dk;https://danishvintage.dk/;Smykker, ure & accessories (130);https://www.emaerket.dk/kategori/webshops/smykker-ure-accessories/
danlineshop.dk;https://danlineshop.dk/;Helse & personlig pleje (195) | Hus & have (490) | Hvidevarer & VVS (75) | Møbler & boligindretning (386);https://www.emaerket.dk/kategori/webshops/helse-personlig-pleje/ | https://www.emaerket.dk/kategori/webshops/hus-have/ | https://www.emaerket.dk/kategori/webshops/hvidevarer-vvs/ | https://www.emaerket.dk/kategori/webshops/mobler-boligindretning/
danois-by-njordwyn.dk;https://danois-by-njordwyn.dk/;Helse & personlig pleje (195);https://www.emaerket.dk/kategori/webshops/helse-personlig-pleje/
danolan.dk;https://danolan.dk/;Helse & personlig pleje (195) | Smykker, ure & accessories (130);https://www.emaerket.dk/kategori/webshops/helse-personlig-pleje/ | https://www.emaerket.dk/kategori/webshops/smykker-ure-accessories/
danpapir.dk;https://danpapir.dk/;Helse & personlig pleje (195) | Kontorartikler m.v. (67) | Salg til virksomheder (177);https://www.emaerket.dk/kategori/webshops/helse-personlig-pleje/ | https://www.emaerket.dk/kategori/webshops/kontorartikler-m-v/ | https://www.emaerket.dk/kategori/webshops/salg-til-virksomheder/
dansk-firmagaver.dk;https://dansk-firmagaver.dk/;Bøger, cd'er, film & brætspil (41) | Gaveartikler & blomster (122) | Kunst (34) | Salg til virksomheder (177) | Tøj & sko (188);https://www.emaerket.dk/kategori/webshops/boeger-cder-film-braetspil/ | https://www.emaerket.dk/kategori/webshops/gaveartikler-blomster/ | https://www.emaerket.dk/kategori/webshops/kunst/ | https://www.emaerket.dk/kategori/webshops/salg-til-virksomheder/ | https://www.emaerket.dk/kategori/webshops/toej-og-sko/
dansk-sommerhusferie.dk;https://dansk-sommerhusferie.dk/;Ferie & rejse (33);https://www.emaerket.dk/kategori/webshops/ferie-rejse/
dansk.dk;https://dansk.dk/;Babytøj, børnetøj & ting til børn (123) | Smykker, ure & accessories (130) | Tøj & sko (188);https://www.emaerket.dk/kategori/webshops/babytoj-bornetoj-ting-til-born/ | https://www.emaerket.dk/kategori/webshops/smykker-ure-accessories/ | https://www.emaerket.dk/kategori/webshops/toej-og-sko/
dansklysterapi.dk;https://dansklysterapi.dk/;Helse & personlig pleje (195);https://www.emaerket.dk/kategori/webshops/helse-personlig-pleje/
danskrestlager.dk;https://danskrestlager.dk/;Hus & have (490) | Møbler & boligindretning (386);https://www.emaerket.dk/kategori/webshops/hus-have/ | https://www.emaerket.dk/kategori/webshops/mobler-boligindretning/
dantha.dk;https://dantha.dk/;Elektronik tele & foto (169) | Smykker, ure & accessories (130) | Tøj & sko (188);https://www.emaerket.dk/kategori/webshops/elektronik-tele-foto/ | https://www.emaerket.dk/kategori/webshops/smykker-ure-accessories/ | https://www.emaerket.dk/kategori/webshops/toej-og-sko/
dartshop.dk;https://dartshop.dk/;Hobby, sport & fritid (281);https://www.emaerket.dk/kategori/webshops/hobby-sport-fritid/
dbvvs.dk;https://dbvvs.dk/;Hus & have (490) | Hvidevarer & VVS (75) | Møbler & boligindretning (386) | Salg til virksomheder (177);https://www.emaerket.dk/kategori/webshops/hus-have/ | https://www.emaerket.dk/kategori/webshops/hvidevarer-vvs/ | https://www.emaerket.dk/kategori/webshops/mobler-boligindretning/ | https://www.emaerket.dk/kategori/webshops/salg-til-virksomheder/
deakudibal.dk;https://deakudibal.dk/;Tøj & sko (188);https://www.emaerket.dk/kategori/webshops/toej-og-sko/
deal.dk;https://deal.dk/;Oplevelser & underholdning (21);https://www.emaerket.dk/kategori/webshops/oplevelser-underholdning/
dealsales.dk;https://dealsales.dk/;Bil cykel & transport (62) | Elektronik tele & foto (169) | Gaveartikler & blomster (122) | Hobby, sport & fritid (281);https://www.emaerket.dk/kategori/webshops/bil-cykel-transport/ | https://www.emaerket.dk/kategori/webshops/elektronik-tele-foto/ | https://www.emaerket.dk/kategori/webshops/gaveartikler-blomster/ | https://www.emaerket.dk/kategori/webshops/hobby-sport-fritid/
decadentcopenhagen.dk;https://decadentcopenhagen.dk/;Smykker, ure & accessories (130);https://www.emaerket.dk/kategori/webshops/smykker-ure-accessories/
decofarver.dk;https://decofarver.dk/;Byggemarked & byggevarer (129) | Hus & have (490);https://www.emaerket.dk/kategori/webshops/byggemarked-byggevarer/ | https://www.emaerket.dk/kategori/webshops/hus-have/
deichmann.com;https://deichmann.com/;Babytøj, børnetøj & ting til børn (123) | Hobby, sport & fritid (281) | Tøj & sko (188);https://www.emaerket.dk/kategori/webshops/babytoj-bornetoj-ting-til-born/ | https://www.emaerket.dk/kategori/webshops/hobby-sport-fritid/ | https://www.emaerket.dk/kategori/webshops/toej-og-sko/
dekolagersalg.dk;https://dekolagersalg.dk/;Hobby, sport & fritid (281) | Hus & have (490) | Møbler & boligindretning (386) | Salg til virksomheder (177);https://www.emaerket.dk/kategori/webshops/hobby-sport-fritid/ | https://www.emaerket.dk/kategori/webshops/hus-have/ | https://www.emaerket.dk/kategori/webshops/mobler-boligindretning/ | https://www.emaerket.dk/kategori/webshops/salg-til-virksomheder/
dekoria.dk;https://dekoria.dk/;Hus & have (490) | Møbler & boligindretning (386);https://www.emaerket.dk/kategori/webshops/hus-have/ | https://www.emaerket.dk/kategori/webshops/mobler-boligindretning/
deluxecare.dk;https://deluxecare.dk/;Helse & personlig pleje (195);https://www.emaerket.dk/kategori/webshops/helse-personlig-pleje/
den7himmel.dk;https://den7himmel.dk/;Møbler & boligindretning (386);https://www.emaerket.dk/kategori/webshops/mobler-boligindretning/
denglademund.dk;https://denglademund.dk/;Helse & personlig pleje (195) | Mad, vin & dagligvarer (86);https://www.emaerket.dk/kategori/webshops/helse-personlig-pleje/ | https://www.emaerket.dk/kategori/webshops/mad-vin-dagligvarer/
denwax.com;https://denwax.com/;Hobby, sport & fritid (281) | Hus & have (490);https://www.emaerket.dk/kategori/webshops/hobby-sport-fritid/ | https://www.emaerket.dk/kategori/webshops/hus-have/
denworldtravel.dk;https://denworldtravel.dk/;Ferie & rejse (33);https://www.emaerket.dk/kategori/webshops/ferie-rejse/
design4home.dk;https://design4home.dk/;Hus & have (490) | Møbler & boligindretning (386);https://www.emaerket.dk/kategori/webshops/hus-have/ | https://www.emaerket.dk/kategori/webshops/mobler-boligindretning/
designbilligt.dk;https://designbilligt.dk/;Hvidevarer & VVS (75) | Møbler & boligindretning (386);https://www.emaerket.dk/kategori/webshops/hvidevarer-vvs/ | https://www.emaerket.dk/kategori/webshops/mobler-boligindretning/
designerlys.dk;https://designerlys.dk/;Hus & have (490) | Møbler & boligindretning (386);https://www.emaerket.dk/kategori/webshops/hus-have/ | https://www.emaerket.dk/kategori/webshops/mobler-boligindretning/
designertorvet.dk;https://designertorvet.dk/;Babytøj, børnetøj & ting til børn (123) | Gaveartikler & blomster (122) | Helse & personlig pleje (195) | Hobby, sport & fritid (281) | Hus & have (490) | Kontorartikler m.v. (67) | Kunst (34) | Møbler & boligindretning (386) | Smykker, ure & accessories (130) | Tøj & sko (188);https://www.emaerket.dk/kategori/webshops/babytoj-bornetoj-ting-til-born/ | https://www.emaerket.dk/kategori/webshops/gaveartikler-blomster/ | https://www.emaerket.dk/kategori/webshops/helse-personlig-pleje/ | https://www.emaerket.dk/kategori/webshops/hobby-sport-fritid/ | https://www.emaerket.dk/kategori/webshops/hus-have/ | https://www.emaerket.dk/kategori/webshops/kontorartikler-m-v/ | https://www.emaerket.dk/kategori/webshops/kunst/ | https://www.emaerket.dk/kategori/webshops/mobler-boligindretning/ | https://www.emaerket.dk/kategori/webshops/smykker-ure-accessories/ | https://www.emaerket.dk/kategori/webshops/toej-og-sko/
designerzoo.dk;https://designerzoo.dk/;Bøger, cd'er, film & brætspil (41) | Gaveartikler & blomster (122) | Kunst (34) | Møbler & boligindretning (386) | Smykker, ure & accessories (130) | Tøj & sko (188);https://www.emaerket.dk/kategori/webshops/boeger-cder-film-braetspil/ | https://www.emaerket.dk/kategori/webshops/gaveartikler-blomster/ | https://www.emaerket.dk/kategori/webshops/kunst/ | https://www.emaerket.dk/kategori/webshops/mobler-boligindretning/ | https://www.emaerket.dk/kategori/webshops/smykker-ure-accessories/ | https://www.emaerket.dk/kategori/webshops/toej-og-sko/
designgaven.dk;https://designgaven.dk/;Gaveartikler & blomster (122) | Helse & personlig pleje (195) | Hus & have (490) | Møbler & boligindretning (386);https://www.emaerket.dk/kategori/webshops/gaveartikler-blomster/ | https://www.emaerket.dk/kategori/webshops/helse-personlig-pleje/ | https://www.emaerket.dk/kategori/webshops/hus-have/ | https://www.emaerket.dk/kategori/webshops/mobler-boligindretning/
designhome.dk;https://designhome.dk/;Hus & have (490) | Møbler & boligindretning (386);https://www.emaerket.dk/kategori/webshops/hus-have/ | https://www.emaerket.dk/kategori/webshops/mobler-boligindretning/
designme.dk;https://designme.dk/;Babytøj, børnetøj & ting til børn (123) | Hus & have (490) | Møbler & boligindretning (386) | Smykker, ure & accessories (130) | Tøj & sko (188);https://www.emaerket.dk/kategori/webshops/babytoj-bornetoj-ting-til-born/ | https://www.emaerket.dk/kategori/webshops/hus-have/ | https://www.emaerket.dk/kategori/webshops/mobler-boligindretning/ | https://www.emaerket.dk/kategori/webshops/smykker-ure-accessories/ | https://www.emaerket.dk/kategori/webshops/toej-og-sko/
designoghandelshuset.dk;https://designoghandelshuset.dk/;Gaveartikler & blomster (122) | Hus & have (490) | Møbler & boligindretning (386);https://www.emaerket.dk/kategori/webshops/gaveartikler-blomster/ | https://www.emaerket.dk/kategori/webshops/hus-have/ | https://www.emaerket.dk/kategori/webshops/mobler-boligindretning/
designprodukter.dk;https://designprodukter.dk/;Hus & have (490) | Møbler & boligindretning (386);https://www.emaerket.dk/kategori/webshops/hus-have/ | https://www.emaerket.dk/kategori/webshops/mobler-boligindretning/
det-gamle-apotek.dk;https://det-gamle-apotek.dk/;Møbler & boligindretning (386);https://www.emaerket.dk/kategori/webshops/mobler-boligindretning/
detgamlesavvaerk.dk;https://detgamlesavvaerk.dk/;Hus & have (490);https://www.emaerket.dk/kategori/webshops/hus-have/
dethalvekongerige.dk;https://dethalvekongerige.dk/;Tøj & sko (188);https://www.emaerket.dk/kategori/webshops/toej-og-sko/
digitalpiano.com;https://www.digitalpiano.com/;Musik & udstyr (20);https://www.emaerket.dk/kategori/webshops/musik-udstyr/
din6shop.dk;https://din6shop.dk/;Dating & erotik (12);https://www.emaerket.dk/kategori/webshops/dating-og-erotik/
dinflexiblesundhed.dk;https://dinflexiblesundhed.dk/;Hobby, sport & fritid (281) | Uddannelse & kurser (17);https://www.emaerket.dk/kategori/webshops/hobby-sport-fritid/ | https://www.emaerket.dk/kategori/webshops/uddannelse-kurser/
dinmaskinekelstrup.dk;https://dinmaskinekelstrup.dk/;Hus & have (490);https://www.emaerket.dk/kategori/webshops/hus-have/
dinsolbrille.dk;https://dinsolbrille.dk/;Smykker, ure & accessories (130);https://www.emaerket.dk/kategori/webshops/smykker-ure-accessories/
dinvinhandel.dk;https://dinvinhandel.dk/;Mad, vin & dagligvarer (86);https://www.emaerket.dk/kategori/webshops/mad-vin-dagligvarer/
direkteimport.dk;https://direkteimport.dk/;Hus & have (490) | Møbler & boligindretning (386) | Smykker, ure & accessories (130);https://www.emaerket.dk/kategori/webshops/hus-have/ | https://www.emaerket.dk/kategori/webshops/mobler-boligindretning/ | https://www.emaerket.dk/kategori/webshops/smykker-ure-accessories/
dirksjewellery.dk;https://www.dirksjewellery.dk/;Smykker, ure & accessories (130);https://www.emaerket.dk/kategori/webshops/smykker-ure-accessories/
discoworld.dk;https://discoworld.dk/;Elektronik tele & foto (169) | Musik & udstyr (20);https://www.emaerket.dk/kategori/webshops/elektronik-tele-foto/ | https://www.emaerket.dk/kategori/webshops/musik-udstyr/
displaylager.dk;https://displaylager.dk/;Salg til virksomheder (177);https://www.emaerket.dk/kategori/webshops/salg-til-virksomheder/
displayshop.dk;https://displayshop.dk/;Salg til virksomheder (177);https://www.emaerket.dk/kategori/webshops/salg-til-virksomheder/
dit.dk;https://dit.dk/;Bøger, cd'er, film & brætspil (41) | Uddannelse & kurser (17);https://www.emaerket.dk/kategori/webshops/boeger-cder-film-braetspil/ | https://www.emaerket.dk/kategori/webshops/uddannelse-kurser/
ditur.dk;https://ditur.dk/;Gaveartikler & blomster (122) | Smykker, ure & accessories (130);https://www.emaerket.dk/kategori/webshops/gaveartikler-blomster/ | https://www.emaerket.dk/kategori/webshops/smykker-ure-accessories/
diversita.dk;https://diversita.dk/;Babytøj, børnetøj & ting til børn (123) | Smykker, ure & accessories (130) | Tøj & sko (188);https://www.emaerket.dk/kategori/webshops/babytoj-bornetoj-ting-til-born/ | https://www.emaerket.dk/kategori/webshops/smykker-ure-accessories/ | https://www.emaerket.dk/kategori/webshops/toej-og-sko/
diving2000.dk;https://diving2000.dk/;Hobby, sport & fritid (281);https://www.emaerket.dk/kategori/webshops/hobby-sport-fritid/
djursmoebler.dk;https://djursmoebler.dk/;Møbler & boligindretning (386);https://www.emaerket.dk/kategori/webshops/mobler-boligindretning/
dk.dilling.com;https://dk.dilling.com/;Babytøj, børnetøj & ting til børn (123) | Tøj & sko (188);https://www.emaerket.dk/kategori/webshops/babytoj-bornetoj-ting-til-born/ | https://www.emaerket.dk/kategori/webshops/toej-og-sko/
dk.skallstudio.com;https://dk.skallstudio.com/;Tøj & sko (188);https://www.emaerket.dk/kategori/webshops/toej-og-sko/
dkbrænde.dk;https://dkbrænde.dk/;Hus & have (490) | Møbler & boligindretning (386);https://www.emaerket.dk/kategori/webshops/hus-have/ | https://www.emaerket.dk/kategori/webshops/mobler-boligindretning/
dogcoach.dk;https://dogcoach.dk/;Hobby, sport & fritid (281) | Tøj & sko (188);https://www.emaerket.dk/kategori/webshops/hobby-sport-fritid/ | https://www.emaerket.dk/kategori/webshops/toej-og-sko/
dogsportdk.com;https://dogsportdk.com/;Dyr & deres pleje (68);https://www.emaerket.dk/kategori/webshops/dyr-deres-pleje/
dollardog.dk;https://dollardog.dk/;Dyr & deres pleje (68);https://www.emaerket.dk/kategori/webshops/dyr-deres-pleje/
doorhouse.dk;https://doorhouse.dk/;Byggemarked & byggevarer (129);https://www.emaerket.dk/kategori/webshops/byggemarked-byggevarer/
dorchdanola.dk;https://www.dorchdanola.dk/;Byggemarked & byggevarer (129) | Hus & have (490) | Salg til virksomheder (177);https://www.emaerket.dk/kategori/webshops/byggemarked-byggevarer/ | https://www.emaerket.dk/kategori/webshops/hus-have/ | https://www.emaerket.dk/kategori/webshops/salg-til-virksomheder/
dphtrading.dk;https://dphtrading.dk/;Hus & have (490) | Kunst (34) | Møbler & boligindretning (386);https://www.emaerket.dk/kategori/webshops/hus-have/ | https://www.emaerket.dk/kategori/webshops/kunst/ | https://www.emaerket.dk/kategori/webshops/mobler-boligindretning/
draumur.dk;https://draumur.dk/;Hobby, sport & fritid (281);https://www.emaerket.dk/kategori/webshops/hobby-sport-fritid/
drikportvin.dk;https://drikportvin.dk/;Gaveartikler & blomster (122) | Mad, vin & dagligvarer (86);https://www.emaerket.dk/kategori/webshops/gaveartikler-blomster/ | https://www.emaerket.dk/kategori/webshops/mad-vin-dagligvarer/
droemmehave.dk;https://droemmehave.dk/;Byggemarked & byggevarer (129) | Hus & have (490);https://www.emaerket.dk/kategori/webshops/byggemarked-byggevarer/ | https://www.emaerket.dk/kategori/webshops/hus-have/
droppsbyszhirley.dk;https://droppsbyszhirley.dk/;Smykker, ure & accessories (130);https://www.emaerket.dk/kategori/webshops/smykker-ure-accessories/
dryandcool.dk;https://dryandcool.dk/;Babytøj, børnetøj & ting til børn (123) | Tøj & sko (188);https://www.emaerket.dk/kategori/webshops/babytoj-bornetoj-ting-til-born/ | https://www.emaerket.dk/kategori/webshops/toej-og-sko/
dukadu.dk;https://www.dukadu.dk/;Bil cykel & transport (62) | Elektronik tele & foto (169);https://www.emaerket.dk/kategori/webshops/bil-cykel-transport/ | https://www.emaerket.dk/kategori/webshops/elektronik-tele-foto/
dulo.dk;https://dulo.dk/;Elektronik tele & foto (169) | Salg til virksomheder (177);https://www.emaerket.dk/kategori/webshops/elektronik-tele-foto/ | https://www.emaerket.dk/kategori/webshops/salg-til-virksomheder/
dvin.dk;https://dvin.dk/;Mad, vin & dagligvarer (86);https://www.emaerket.dk/kategori/webshops/mad-vin-dagligvarer/
dynefabrikken.dk;https://dynefabrikken.dk/;Hus & have (490) | Møbler & boligindretning (386);https://www.emaerket.dk/kategori/webshops/hus-have/ | https://www.emaerket.dk/kategori/webshops/mobler-boligindretning/
dyrelageret.dk;https://dyrelageret.dk/;Dyr & deres pleje (68);https://www.emaerket.dk/kategori/webshops/dyr-deres-pleje/
dyrenesno1.dk;https://dyrenesno1.dk/;Dyr & deres pleje (68);https://www.emaerket.dk/kategori/webshops/dyr-deres-pleje/
e-gear.dk;https://e-gear.dk/;Elektronik tele & foto (169) | Salg til virksomheder (177);https://www.emaerket.dk/kategori/webshops/elektronik-tele-foto/ | https://www.emaerket.dk/kategori/webshops/salg-til-virksomheder/
e-home.dk;https://e-home.dk/;Dyr & deres pleje (68) | Hobby, sport & fritid (281) | Hus & have (490) | Møbler & boligindretning (386) | Salg til virksomheder (177);https://www.emaerket.dk/kategori/webshops/dyr-deres-pleje/ | https://www.emaerket.dk/kategori/webshops/hobby-sport-fritid/ | https://www.emaerket.dk/kategori/webshops/hus-have/ | https://www.emaerket.dk/kategori/webshops/mobler-boligindretning/ | https://www.emaerket.dk/kategori/webshops/salg-til-virksomheder/
easyclean.dk;https://easyclean.dk/;Hus & have (490);https://www.emaerket.dk/kategori/webshops/hus-have/
eaudeparfum.dk;https://eaudeparfum.dk/;Helse & personlig pleje (195);https://www.emaerket.dk/kategori/webshops/helse-personlig-pleje/
ebillet.dk;https://ebillet.dk/;Gaveartikler & blomster (122);https://www.emaerket.dk/kategori/webshops/gaveartikler-blomster/
ebookreader.dk;https://ebookreader.dk/;Bøger, cd'er, film & brætspil (41) | Elektronik tele & foto (169) | Gaveartikler & blomster (122);https://www.emaerket.dk/kategori/webshops/boeger-cder-film-braetspil/ | https://www.emaerket.dk/kategori/webshops/elektronik-tele-foto/ | https://www.emaerket.dk/kategori/webshops/gaveartikler-blomster/
ebuy24.dk;https://ebuy24.dk/;Hus & have (490) | Møbler & boligindretning (386);https://www.emaerket.dk/kategori/webshops/hus-have/ | https://www.emaerket.dk/kategori/webshops/mobler-boligindretning/
edie.dk;https://edie.dk/;Tøj & sko (188);https://www.emaerket.dk/kategori/webshops/toej-og-sko/
edutoys.dk;https://edutoys.dk/;Babytøj, børnetøj & ting til børn (123);https://www.emaerket.dk/kategori/webshops/babytoj-bornetoj-ting-til-born/
effektlageret.dk;https://effektlageret.dk/;Hobby, sport & fritid (281);https://www.emaerket.dk/kategori/webshops/hobby-sport-fritid/
el-grossisten.dk;https://el-grossisten.dk/;Elektronik tele & foto (169);https://www.emaerket.dk/kategori/webshops/elektronik-tele-foto/
el-supply.dk;https://el-supply.dk/;Elektronik tele & foto (169);https://www.emaerket.dk/kategori/webshops/elektronik-tele-foto/
elastikshoppen.dk;https://elastikshoppen.dk/;Hobby, sport & fritid (281);https://www.emaerket.dk/kategori/webshops/hobby-sport-fritid/
elefantprint.dk;https://elefantprint.dk/;Salg til virksomheder (177);https://www.emaerket.dk/kategori/webshops/salg-til-virksomheder/
elektronico.dk;https://elektronico.dk/;Hobby, sport & fritid (281) | Hus & have (490) | Hvidevarer & VVS (75) | Salg til virksomheder (177);https://www.emaerket.dk/kategori/webshops/hobby-sport-fritid/ | https://www.emaerket.dk/kategori/webshops/hus-have/ | https://www.emaerket.dk/kategori/webshops/hvidevarer-vvs/ | https://www.emaerket.dk/kategori/webshops/salg-til-virksomheder/
elgiganten.dk;https://elgiganten.dk/;Bøger, cd'er, film & brætspil (41) | Elektronik tele & foto (169) | Helse & personlig pleje (195) | Hus & have (490) | Hvidevarer & VVS (75) | Møbler & boligindretning (386);https://www.emaerket.dk/kategori/webshops/boeger-cder-film-braetspil/ | https://www.emaerket.dk/kategori/webshops/elektronik-tele-foto/ | https://www.emaerket.dk/kategori/webshops/helse-personlig-pleje/ | https://www.emaerket.dk/kategori/webshops/hus-have/ | https://www.emaerket.dk/kategori/webshops/hvidevarer-vvs/ | https://www.emaerket.dk/kategori/webshops/mobler-boligindretning/
elita.dk;https://elita.dk/;Hobby, sport & fritid (281);https://www.emaerket.dk/kategori/webshops/hobby-sport-fritid/
ellehammer-and-more.dk;https://ellehammer-and-more.dk/;Elektronik tele & foto (169) | Hobby, sport & fritid (281);https://www.emaerket.dk/kategori/webshops/elektronik-tele-foto/ | https://www.emaerket.dk/kategori/webshops/hobby-sport-fritid/
ellingsko.dk;https://ellingsko.dk/;Tøj & sko (188);https://www.emaerket.dk/kategori/webshops/toej-og-sko/
elplus.gl;https://elplus.gl/;Hus & have (490) | Hvidevarer & VVS (75) | Møbler & boligindretning (386);https://www.emaerket.dk/kategori/webshops/hus-have/ | https://www.emaerket.dk/kategori/webshops/hvidevarer-vvs/ | https://www.emaerket.dk/kategori/webshops/mobler-boligindretning/
elsalg.dk;https://elsalg.dk/;Elektronik tele & foto (169) | Hus & have (490) | Hvidevarer & VVS (75);https://www.emaerket.dk/kategori/webshops/elektronik-tele-foto/ | https://www.emaerket.dk/kategori/webshops/hus-have/ | https://www.emaerket.dk/kategori/webshops/hvidevarer-vvs/
elsalgaalborg.dk;https://elsalgaalborg.dk/;Elektronik tele & foto (169) | Helse & personlig pleje (195) | Hus & have (490) | Hvidevarer & VVS (75) | Møbler & boligindretning (386);https://www.emaerket.dk/kategori/webshops/elektronik-tele-foto/ | https://www.emaerket.dk/kategori/webshops/helse-personlig-pleje/ | https://www.emaerket.dk/kategori/webshops/hus-have/ | https://www.emaerket.dk/kategori/webshops/hvidevarer-vvs/ | https://www.emaerket.dk/kategori/webshops/mobler-boligindretning/
elseoshop.dk;https://elseoshop.dk/;Dating & erotik (12);https://www.emaerket.dk/kategori/webshops/dating-og-erotik/
elvvs.dk;https://elvvs.dk/;Byggemarked & byggevarer (129) | Elektronik tele & foto (169) | Hus & have (490) | Hvidevarer & VVS (75) | Møbler & boligindretning (386);https://www.emaerket.dk/kategori/webshops/byggemarked-byggevarer/ | https://www.emaerket.dk/kategori/webshops/elektronik-tele-foto/ | https://www.emaerket.dk/kategori/webshops/hus-have/ | https://www.emaerket.dk/kategori/webshops/hvidevarer-vvs/ | https://www.emaerket.dk/kategori/webshops/mobler-boligindretning/
emilys.dk;https://emilys.dk/;Babytøj, børnetøj & ting til børn (123) | Tøj & sko (188);https://www.emaerket.dk/kategori/webshops/babytoj-bornetoj-ting-til-born/ | https://www.emaerket.dk/kategori/webshops/toej-og-sko/
enggaarden-havemoebler.dk;https://enggaarden-havemoebler.dk/;Hus & have (490) | Møbler & boligindretning (386);https://www.emaerket.dk/kategori/webshops/hus-have/ | https://www.emaerket.dk/kategori/webshops/mobler-boligindretning/
engholmtextiles.dk;https://engholmtextiles.dk/;Hus & have (490) | Møbler & boligindretning (386);https://www.emaerket.dk/kategori/webshops/hus-have/ | https://www.emaerket.dk/kategori/webshops/mobler-boligindretning/
engrospriser.dk;https://engrospriser.dk/;Bil cykel & transport (62) | Byggemarked & byggevarer (129) | Hobby, sport & fritid (281) | Hus & have (490) | Hvidevarer & VVS (75) | Møbler & boligindretning (386);https://www.emaerket.dk/kategori/webshops/bil-cykel-transport/ | https://www.emaerket.dk/kategori/webshops/byggemarked-byggevarer/ | https://www.emaerket.dk/kategori/webshops/hobby-sport-fritid/ | https://www.emaerket.dk/kategori/webshops/hus-have/ | https://www.emaerket.dk/kategori/webshops/hvidevarer-vvs/ | https://www.emaerket.dk/kategori/webshops/mobler-boligindretning/
engrosrengoringsmidler.dk;https://engrosrengoringsmidler.dk/;Hus & have (490) | Salg til virksomheder (177);https://www.emaerket.dk/kategori/webshops/hus-have/ | https://www.emaerket.dk/kategori/webshops/salg-til-virksomheder/
enig.dk;https://enig.dk/;Smykker, ure & accessories (130);https://www.emaerket.dk/kategori/webshops/smykker-ure-accessories/
ep.dk;https://ep.dk/;Byggemarked & byggevarer (129);https://www.emaerket.dk/kategori/webshops/byggemarked-byggevarer/
epoka.com;https://epoka.com/;Elektronik tele & foto (169);https://www.emaerket.dk/kategori/webshops/elektronik-tele-foto/
equinics.eu;https://equinics.eu/;Dyr & deres pleje (68);https://www.emaerket.dk/kategori/webshops/dyr-deres-pleje/
ergolift.dk;https://ergolift.dk/;Byggemarked & byggevarer (129);https://www.emaerket.dk/kategori/webshops/byggemarked-byggevarer/
ergopartner.dk;https://ergopartner.dk/;Kontorartikler m.v. (67) | Møbler & boligindretning (386) | Salg til virksomheder (177);https://www.emaerket.dk/kategori/webshops/kontorartikler-m-v/ | https://www.emaerket.dk/kategori/webshops/mobler-boligindretning/ | https://www.emaerket.dk/kategori/webshops/salg-til-virksomheder/
ergotrans.dk;https://ergotrans.dk/;Salg til virksomheder (177);https://www.emaerket.dk/kategori/webshops/salg-til-virksomheder/
eriksorensenvin.dk;https://eriksorensenvin.dk/;Mad, vin & dagligvarer (86) | Salg til virksomheder (177);https://www.emaerket.dk/kategori/webshops/mad-vin-dagligvarer/ | https://www.emaerket.dk/kategori/webshops/salg-til-virksomheder/
erling-christensen.dk;https://erling-christensen.dk/;Hus & have (490) | Møbler & boligindretning (386);https://www.emaerket.dk/kategori/webshops/hus-have/ | https://www.emaerket.dk/kategori/webshops/mobler-boligindretning/
etiketlageret.dk;https://etiketlageret.dk/;Kontorartikler m.v. (67);https://www.emaerket.dk/kategori/webshops/kontorartikler-m-v/
etlyklarborg.dk;https://www.etlyklarborg.dk/;Kunst (34) | Møbler & boligindretning (386);https://www.emaerket.dk/kategori/webshops/kunst/ | https://www.emaerket.dk/kategori/webshops/mobler-boligindretning/
eventyrbarn.dk;https://eventyrbarn.dk/;Babytøj, børnetøj & ting til børn (123) | Bøger, cd'er, film & brætspil (41) | Helse & personlig pleje (195);https://www.emaerket.dk/kategori/webshops/babytoj-bornetoj-ting-til-born/ | https://www.emaerket.dk/kategori/webshops/boeger-cder-film-braetspil/ | https://www.emaerket.dk/kategori/webshops/helse-personlig-pleje/
evh.dk;https://evh.dk/;Gaveartikler & blomster (122) | Mad, vin & dagligvarer (86);https://www.emaerket.dk/kategori/webshops/gaveartikler-blomster/ | https://www.emaerket.dk/kategori/webshops/mad-vin-dagligvarer/
evigleg.dk;https://evigleg.dk/;Babytøj, børnetøj & ting til børn (123);https://www.emaerket.dk/kategori/webshops/babytoj-bornetoj-ting-til-born/
ewersenergi.dk;https://ewersenergi.dk/;Hus & have (490);https://www.emaerket.dk/kategori/webshops/hus-have/
ewerslandbutik.dk;https://ewerslandbutik.dk/;Dyr & deres pleje (68) | Hobby, sport & fritid (281) | Hus & have (490);https://www.emaerket.dk/kategori/webshops/dyr-deres-pleje/ | https://www.emaerket.dk/kategori/webshops/hobby-sport-fritid/ | https://www.emaerket.dk/kategori/webshops/hus-have/
expert.dk;https://expert.dk/;Elektronik tele & foto (169) | Musik & udstyr (20);https://www.emaerket.dk/kategori/webshops/elektronik-tele-foto/ | https://www.emaerket.dk/kategori/webshops/musik-udstyr/
fairtee.dk;https://fairtee.dk/;Tøj & sko (188);https://www.emaerket.dk/kategori/webshops/toej-og-sko/
fangels.dk;https://fangels.dk/;Smykker, ure & accessories (130);https://www.emaerket.dk/kategori/webshops/smykker-ure-accessories/
faraos.dk;https://www.faraos.dk/;Bøger, cd'er, film & brætspil (41) | Gaveartikler & blomster (122) | Hobby, sport & fritid (281) | Kontorartikler m.v. (67);https://www.emaerket.dk/kategori/webshops/boeger-cder-film-braetspil/ | https://www.emaerket.dk/kategori/webshops/gaveartikler-blomster/ | https://www.emaerket.dk/kategori/webshops/hobby-sport-fritid/ | https://www.emaerket.dk/kategori/webshops/kontorartikler-m-v/
farstadoptik.dk;https://farstadoptik.dk/;Smykker, ure & accessories (130);https://www.emaerket.dk/kategori/webshops/smykker-ure-accessories/
fatima.dk;https://fatima.dk/;Smykker, ure & accessories (130) | Tøj & sko (188);https://www.emaerket.dk/kategori/webshops/smykker-ure-accessories/ | https://www.emaerket.dk/kategori/webshops/toej-og-sko/
fc-beton.dk;https://fc-beton.dk/;Byggemarked & byggevarer (129) | Hus & have (490);https://www.emaerket.dk/kategori/webshops/byggemarked-byggevarer/ | https://www.emaerket.dk/kategori/webshops/hus-have/
fegopapir.dk;https://fegopapir.dk/;Helse & personlig pleje (195) | Hus & have (490) | Mad, vin & dagligvarer (86);https://www.emaerket.dk/kategori/webshops/helse-personlig-pleje/ | https://www.emaerket.dk/kategori/webshops/hus-have/ | https://www.emaerket.dk/kategori/webshops/mad-vin-dagligvarer/
feline.dk;https://feline.dk/;Ferie & rejse (33);https://www.emaerket.dk/kategori/webshops/ferie-rejse/
femilet.dk;https://www.femilet.dk/;Tøj & sko (188);https://www.emaerket.dk/kategori/webshops/toej-og-sko/
feriecenter-siden.dk;https://feriecenter-siden.dk/;Ferie & rejse (33);https://www.emaerket.dk/kategori/webshops/ferie-rejse/
fermliving.com;https://fermliving.com/;Gaveartikler & blomster (122) | Hus & have (490) | Møbler & boligindretning (386);https://www.emaerket.dk/kategori/webshops/gaveartikler-blomster/ | https://www.emaerket.dk/kategori/webshops/hus-have/ | https://www.emaerket.dk/kategori/webshops/mobler-boligindretning/
fermliving.dk;https://fermliving.dk/;Hus & have (490) | Møbler & boligindretning (386);https://www.emaerket.dk/kategori/webshops/hus-have/ | https://www.emaerket.dk/kategori/webshops/mobler-boligindretning/
festkassen.dk;https://festkassen.dk/;Babytøj, børnetøj & ting til børn (123) | Gaveartikler & blomster (122);https://www.emaerket.dk/kategori/webshops/babytoj-bornetoj-ting-til-born/ | https://www.emaerket.dk/kategori/webshops/gaveartikler-blomster/
festogfarver.dk;https://festogfarver.dk/;Hobby, sport & fritid (281);https://www.emaerket.dk/kategori/webshops/hobby-sport-fritid/
festtema.dk;https://festtema.dk/;Babytøj, børnetøj & ting til børn (123) | Hobby, sport & fritid (281);https://www.emaerket.dk/kategori/webshops/babytoj-bornetoj-ting-til-born/ | https://www.emaerket.dk/kategori/webshops/hobby-sport-fritid/
figro.dk;https://figro.dk/;Elektronik tele & foto (169);https://www.emaerket.dk/kategori/webshops/elektronik-tele-foto/
filter-online.com;https://filter-online.com/;Hus & have (490) | Hvidevarer & VVS (75);https://www.emaerket.dk/kategori/webshops/hus-have/ | https://www.emaerket.dk/kategori/webshops/hvidevarer-vvs/
fimoshop.dk;https://www.fimoshop.dk/;Hobby, sport & fritid (281);https://www.emaerket.dk/kategori/webshops/hobby-sport-fritid/
finicc.dk;https://www.finicc.dk/;Hus & have (490) | Møbler & boligindretning (386);https://www.emaerket.dk/kategori/webshops/hus-have/ | https://www.emaerket.dk/kategori/webshops/mobler-boligindretning/
finurligefif.dk;https://finurligefif.dk/;Babytøj, børnetøj & ting til børn (123) | Hobby, sport & fritid (281) | Uddannelse & kurser (17);https://www.emaerket.dk/kategori/webshops/babytoj-bornetoj-ting-til-born/ | https://www.emaerket.dk/kategori/webshops/hobby-sport-fritid/ | https://www.emaerket.dk/kategori/webshops/uddannelse-kurser/
fischer-pure-nature.dk;https://fischer-pure-nature.dk/;Gaveartikler & blomster (122) | Helse & personlig pleje (195);https://www.emaerket.dk/kategori/webshops/gaveartikler-blomster/ | https://www.emaerket.dk/kategori/webshops/helse-personlig-pleje/
fiskegrej.dk;https://fiskegrej.dk/;Hobby, sport & fritid (281);https://www.emaerket.dk/kategori/webshops/hobby-sport-fritid/
fiskegrejbutikken.dk;https://fiskegrejbutikken.dk/;Hobby, sport & fritid (281);https://www.emaerket.dk/kategori/webshops/hobby-sport-fritid/
fisto.dk;https://fisto.dk/;Babytøj, børnetøj & ting til børn (123) | Salg til virksomheder (177) | Tøj & sko (188);https://www.emaerket.dk/kategori/webshops/babytoj-bornetoj-ting-til-born/ | https://www.emaerket.dk/kategori/webshops/salg-til-virksomheder/ | https://www.emaerket.dk/kategori/webshops/toej-og-sko/
fit-plaster.dk;https://fit-plaster.dk/;Helse & personlig pleje (195) | Hobby, sport & fritid (281);https://www.emaerket.dk/kategori/webshops/helse-personlig-pleje/ | https://www.emaerket.dk/kategori/webshops/hobby-sport-fritid/
fitness360.dk;https://fitness360.dk/;Hobby, sport & fritid (281);https://www.emaerket.dk/kategori/webshops/hobby-sport-fritid/
fitnessfree.dk;https://fitnessfree.dk/;Helse & personlig pleje (195) | Hobby, sport & fritid (281);https://www.emaerket.dk/kategori/webshops/helse-personlig-pleje/ | https://www.emaerket.dk/kategori/webshops/hobby-sport-fritid/
fitnessgruppen.dk;https://fitnessgruppen.dk/;Hobby, sport & fritid (281);https://www.emaerket.dk/kategori/webshops/hobby-sport-fritid/
fitnessshoppen.dk;https://fitnessshoppen.dk/;Helse & personlig pleje (195) | Hobby, sport & fritid (281);https://www.emaerket.dk/kategori/webshops/helse-personlig-pleje/ | https://www.emaerket.dk/kategori/webshops/hobby-sport-fritid/
fixdithus.dk;https://fixdithus.dk/;Byggemarked & byggevarer (129) | Hus & have (490) | Hvidevarer & VVS (75);https://www.emaerket.dk/kategori/webshops/byggemarked-byggevarer/ | https://www.emaerket.dk/kategori/webshops/hus-have/ | https://www.emaerket.dk/kategori/webshops/hvidevarer-vvs/
fjernstyret.dk;https://fjernstyret.dk/;Hobby, sport & fritid (281);https://www.emaerket.dk/kategori/webshops/hobby-sport-fritid/
fjordbutikken.dk;https://fjordbutikken.dk/;Babytøj, børnetøj & ting til børn (123) | Helse & personlig pleje (195) | Hus & have (490) | Mad, vin & dagligvarer (86) | Møbler & boligindretning (386) | Smykker, ure & accessories (130);https://www.emaerket.dk/kategori/webshops/babytoj-bornetoj-ting-til-born/ | https://www.emaerket.dk/kategori/webshops/helse-personlig-pleje/ | https://www.emaerket.dk/kategori/webshops/hus-have/ | https://www.emaerket.dk/kategori/webshops/mad-vin-dagligvarer/ | https://www.emaerket.dk/kategori/webshops/mobler-boligindretning/ | https://www.emaerket.dk/kategori/webshops/smykker-ure-accessories/
fjordliving.dk;https://fjordliving.dk/;Hus & have (490) | Møbler & boligindretning (386) | Salg til virksomheder (177);https://www.emaerket.dk/kategori/webshops/hus-have/ | https://www.emaerket.dk/kategori/webshops/mobler-boligindretning/ | https://www.emaerket.dk/kategori/webshops/salg-til-virksomheder/
flag.nu;https://flag.nu/;Hobby, sport & fritid (281) | Hus & have (490) | Møbler & boligindretning (386) | Salg til virksomheder (177);https://www.emaerket.dk/kategori/webshops/hobby-sport-fritid/ | https://www.emaerket.dk/kategori/webshops/hus-have/ | https://www.emaerket.dk/kategori/webshops/mobler-boligindretning/ | https://www.emaerket.dk/kategori/webshops/salg-til-virksomheder/
flagstang.dk;https://flagstang.dk/;Hus & have (490) | Møbler & boligindretning (386);https://www.emaerket.dk/kategori/webshops/hus-have/ | https://www.emaerket.dk/kategori/webshops/mobler-boligindretning/
fleggaard.dk;https://fleggaard.dk/;Mad, vin & dagligvarer (86);https://www.emaerket.dk/kategori/webshops/mad-vin-dagligvarer/
fleurance.dk;https://fleurance.dk/;Helse & personlig pleje (195);https://www.emaerket.dk/kategori/webshops/helse-personlig-pleje/
fliser.dk;https://fliser.dk/;Byggemarked & byggevarer (129) | Hus & have (490) | Møbler & boligindretning (386);https://www.emaerket.dk/kategori/webshops/byggemarked-byggevarer/ | https://www.emaerket.dk/kategori/webshops/hus-have/ | https://www.emaerket.dk/kategori/webshops/mobler-boligindretning/
floofers.dk;https://floofers.dk/;Helse & personlig pleje (195);https://www.emaerket.dk/kategori/webshops/helse-personlig-pleje/
flugger-naerum.dk;https://flugger-naerum.dk/;Byggemarked & byggevarer (129) | Salg til virksomheder (177);https://www.emaerket.dk/kategori/webshops/byggemarked-byggevarer/ | https://www.emaerket.dk/kategori/webshops/salg-til-virksomheder/
flugger.dk;https://www.flugger.dk/;Byggemarked & byggevarer (129) | Hus & have (490);https://www.emaerket.dk/kategori/webshops/byggemarked-byggevarer/ | https://www.emaerket.dk/kategori/webshops/hus-have/
fne-outdoor.dk;https://fne-outdoor.dk/;Hobby, sport & fritid (281);https://www.emaerket.dk/kategori/webshops/hobby-sport-fritid/
fodboldtravel.dk;https://www.fodboldtravel.dk/;Ferie & rejse (33);https://www.emaerket.dk/kategori/webshops/ferie-rejse/
foderhallen.dk;https://foderhallen.dk/;Dyr & deres pleje (68) | Salg til virksomheder (177);https://www.emaerket.dk/kategori/webshops/dyr-deres-pleje/ | https://www.emaerket.dk/kategori/webshops/salg-til-virksomheder/
fodevarekurser.dk;https://fodevarekurser.dk/;Uddannelse & kurser (17);https://www.emaerket.dk/kategori/webshops/uddannelse-kurser/
fodmagasinet.dk;https://fodmagasinet.dk/;Helse & personlig pleje (195);https://www.emaerket.dk/kategori/webshops/helse-personlig-pleje/
foelsgaarddesign.dk;https://foelsgaarddesign.dk/;Smykker, ure & accessories (130);https://www.emaerket.dk/kategori/webshops/smykker-ure-accessories/
foetex.dk;https://foetex.dk/;Babytøj, børnetøj & ting til børn (123) | Bil cykel & transport (62) | Byggemarked & byggevarer (129) | Bøger, cd'er, film & brætspil (41) | Dating & erotik (12) | Dyr & deres pleje (68) | Elektronik tele & foto (169) | Gaveartikler & blomster (122) | Helse & personlig pleje (195) | Hobby, sport & fritid (281) | Hus & have (490) | Kontorartikler m.v. (67) | Mad, vin & dagligvarer (86) | Musik & udstyr (20) | Møbler & boligindretning (386);https://www.emaerket.dk/kategori/webshops/babytoj-bornetoj-ting-til-born/ | https://www.emaerket.dk/kategori/webshops/bil-cykel-transport/ | https://www.emaerket.dk/kategori/webshops/boeger-cder-film-braetspil/ | https://www.emaerket.dk/kategori/webshops/byggemarked-byggevarer/ | https://www.emaerket.dk/kategori/webshops/dating-og-erotik/ | https://www.emaerket.dk/kategori/webshops/dyr-deres-pleje/ | https://www.emaerket.dk/kategori/webshops/elektronik-tele-foto/ | https://www.emaerket.dk/kategori/webshops/gaveartikler-blomster/ | https://www.emaerket.dk/kategori/webshops/helse-personlig-pleje/ | https://www.emaerket.dk/kategori/webshops/hobby-sport-fritid/ | https://www.emaerket.dk/kategori/webshops/hus-have/ | https://www.emaerket.dk/kategori/webshops/kontorartikler-m-v/ | https://www.emaerket.dk/kategori/webshops/mad-vin-dagligvarer/ | https://www.emaerket.dk/kategori/webshops/mobler-boligindretning/ | https://www.emaerket.dk/kategori/webshops/musik-udstyr/
foliekniven.dk;https://www.foliekniven.dk/;Byggemarked & byggevarer (129) | Hus & have (490) | Kontorartikler m.v. (67) | Møbler & boligindretning (386) | Salg til virksomheder (177);https://www.emaerket.dk/kategori/webshops/byggemarked-byggevarer/ | https://www.emaerket.dk/kategori/webshops/hus-have/ | https://www.emaerket.dk/kategori/webshops/kontorartikler-m-v/ | https://www.emaerket.dk/kategori/webshops/mobler-boligindretning/ | https://www.emaerket.dk/kategori/webshops/salg-til-virksomheder/
fones.dk;https://www.fones.dk/;Elektronik tele & foto (169) | Hobby, sport & fritid (281) | Organisationer & foreninger (9);https://www.emaerket.dk/kategori/webshops/elektronik-tele-foto/ | https://www.emaerket.dk/kategori/webshops/hobby-sport-fritid/ | https://www.emaerket.dk/kategori/webshops/organisationer-foreninger/
forstogjagthuset.dk;https://forstogjagthuset.dk/;Hobby, sport & fritid (281);https://www.emaerket.dk/kategori/webshops/hobby-sport-fritid/
frederikssundfoto.dk;https://frederikssundfoto.dk/;Elektronik tele & foto (169);https://www.emaerket.dk/kategori/webshops/elektronik-tele-foto/
freequent.dk;https://freequent.dk/;Tøj & sko (188);https://www.emaerket.dk/kategori/webshops/toej-og-sko/
freshhair.dk;https://freshhair.dk/;Helse & personlig pleje (195);https://www.emaerket.dk/kategori/webshops/helse-personlig-pleje/
fribikeshop.dk;https://fribikeshop.dk/;Bil cykel & transport (62);https://www.emaerket.dk/kategori/webshops/bil-cykel-transport/
friluft.dk;https://friluft.dk/;Hobby, sport & fritid (281) | Tøj & sko (188);https://www.emaerket.dk/kategori/webshops/hobby-sport-fritid/ | https://www.emaerket.dk/kategori/webshops/toej-og-sko/
friluftslageret.dk;https://friluftslageret.dk/;Hobby, sport & fritid (281) | Tøj & sko (188);https://www.emaerket.dk/kategori/webshops/hobby-sport-fritid/ | https://www.emaerket.dk/kategori/webshops/toej-og-sko/
frisorsaks.dk;https://frisorsaks.dk/;Helse & personlig pleje (195);https://www.emaerket.dk/kategori/webshops/helse-personlig-pleje/
frk-himmelblaa.dk;https://frk-himmelblaa.dk/;Smykker, ure & accessories (130) | Tøj & sko (188);https://www.emaerket.dk/kategori/webshops/smykker-ure-accessories/ | https://www.emaerket.dk/kategori/webshops/toej-og-sko/
frkmage.dk;https://frkmage.dk/;Helse & personlig pleje (195) | Hus & have (490) | Møbler & boligindretning (386) | Smykker, ure & accessories (130) | Tøj & sko (188);https://www.emaerket.dk/kategori/webshops/helse-personlig-pleje/ | https://www.emaerket.dk/kategori/webshops/hus-have/ | https://www.emaerket.dk/kategori/webshops/mobler-boligindretning/ | https://www.emaerket.dk/kategori/webshops/smykker-ure-accessories/ | https://www.emaerket.dk/kategori/webshops/toej-og-sko/
froebutikken.dk;https://froebutikken.dk/;Hus & have (490);https://www.emaerket.dk/kategori/webshops/hus-have/
froetorvet.dk;https://froetorvet.dk/;Hus & have (490);https://www.emaerket.dk/kategori/webshops/hus-have/
fruenshus.dk;https://fruenshus.dk/;Smykker, ure & accessories (130) | Tøj & sko (188);https://www.emaerket.dk/kategori/webshops/smykker-ure-accessories/ | https://www.emaerket.dk/kategori/webshops/toej-og-sko/
frusoed.dk;https://frusoed.dk/;Mad, vin & dagligvarer (86);https://www.emaerket.dk/kategori/webshops/mad-vin-dagligvarer/
funwheels.dk;https://funwheels.dk/;Babytøj, børnetøj & ting til børn (123) | Bil cykel & transport (62) | Elektronik tele & foto (169) | Hobby, sport & fritid (281) | Salg til virksomheder (177);https://www.emaerket.dk/kategori/webshops/babytoj-bornetoj-ting-til-born/ | https://www.emaerket.dk/kategori/webshops/bil-cykel-transport/ | https://www.emaerket.dk/kategori/webshops/elektronik-tele-foto/ | https://www.emaerket.dk/kategori/webshops/hobby-sport-fritid/ | https://www.emaerket.dk/kategori/webshops/salg-til-virksomheder/
futonhouse.dk;https://futonhouse.dk/;Hus & have (490) | Møbler & boligindretning (386);https://www.emaerket.dk/kategori/webshops/hus-have/ | https://www.emaerket.dk/kategori/webshops/mobler-boligindretning/
g-m.dk;https://g-m.dk/;Hobby, sport & fritid (281) | Møbler & boligindretning (386) | Salg til virksomheder (177) | Tøj & sko (188);https://www.emaerket.dk/kategori/webshops/hobby-sport-fritid/ | https://www.emaerket.dk/kategori/webshops/mobler-boligindretning/ | https://www.emaerket.dk/kategori/webshops/salg-til-virksomheder/ | https://www.emaerket.dk/kategori/webshops/toej-og-sko/
gadgethuset.dk;https://gadgethuset.dk/;Elektronik tele & foto (169) | Gaveartikler & blomster (122) | Helse & personlig pleje (195) | Hus & have (490) | Møbler & boligindretning (386);https://www.emaerket.dk/kategori/webshops/elektronik-tele-foto/ | https://www.emaerket.dk/kategori/webshops/gaveartikler-blomster/ | https://www.emaerket.dk/kategori/webshops/helse-personlig-pleje/ | https://www.emaerket.dk/kategori/webshops/hus-have/ | https://www.emaerket.dk/kategori/webshops/mobler-boligindretning/
gagron.dk;https://gagron.dk/;Babytøj, børnetøj & ting til børn (123) | Gaveartikler & blomster (122) | Helse & personlig pleje (195) | Hobby, sport & fritid (281) | Kontorartikler m.v. (67) | Smykker, ure & accessories (130) | Tøj & sko (188);https://www.emaerket.dk/kategori/webshops/babytoj-bornetoj-ting-til-born/ | https://www.emaerket.dk/kategori/webshops/gaveartikler-blomster/ | https://www.emaerket.dk/kategori/webshops/helse-personlig-pleje/ | https://www.emaerket.dk/kategori/webshops/hobby-sport-fritid/ | https://www.emaerket.dk/kategori/webshops/kontorartikler-m-v/ | https://www.emaerket.dk/kategori/webshops/smykker-ure-accessories/ | https://www.emaerket.dk/kategori/webshops/toej-og-sko/
gainerhair.dk;https://gainerhair.dk/;Helse & personlig pleje (195);https://www.emaerket.dk/kategori/webshops/helse-personlig-pleje/
galaksi.dk;https://galaksi.dk/;Dyr & deres pleje (68);https://www.emaerket.dk/kategori/webshops/dyr-deres-pleje/
galleribo.dk;https://galleribo.dk/;Gaveartikler & blomster (122) | Kunst (34);https://www.emaerket.dk/kategori/webshops/gaveartikler-blomster/ | https://www.emaerket.dk/kategori/webshops/kunst/
garant.nu;https://garant.nu/;Hus & have (490) | Møbler & boligindretning (386);https://www.emaerket.dk/kategori/webshops/hus-have/ | https://www.emaerket.dk/kategori/webshops/mobler-boligindretning/
garna.dk;https://garna.dk/;Hobby, sport & fritid (281);https://www.emaerket.dk/kategori/webshops/hobby-sport-fritid/
gastroinventar.dk;https://gastroinventar.dk/;Hvidevarer & VVS (75);https://www.emaerket.dk/kategori/webshops/hvidevarer-vvs/
gaverummet.dk;https://gaverummet.dk/;Babytøj, børnetøj & ting til børn (123) | Bøger, cd'er, film & brætspil (41) | Gaveartikler & blomster (122) | Helse & personlig pleje (195) | Mad, vin & dagligvarer (86) | Salg til virksomheder (177);https://www.emaerket.dk/kategori/webshops/babytoj-bornetoj-ting-til-born/ | https://www.emaerket.dk/kategori/webshops/boeger-cder-film-braetspil/ | https://www.emaerket.dk/kategori/webshops/gaveartikler-blomster/ | https://www.emaerket.dk/kategori/webshops/helse-personlig-pleje/ | https://www.emaerket.dk/kategori/webshops/mad-vin-dagligvarer/ | https://www.emaerket.dk/kategori/webshops/salg-til-virksomheder/
gelaenderbutikken.dk;https://gelaenderbutikken.dk/;Hus & have (490);https://www.emaerket.dk/kategori/webshops/hus-have/
genopliv.dk;https://genopliv.dk/;Helse & personlig pleje (195) | Salg til virksomheder (177) | Uddannelse & kurser (17);https://www.emaerket.dk/kategori/webshops/helse-personlig-pleje/ | https://www.emaerket.dk/kategori/webshops/salg-til-virksomheder/ | https://www.emaerket.dk/kategori/webshops/uddannelse-kurser/
geoffanderson.com;https://geoffanderson.com/;Hobby, sport & fritid (281);https://www.emaerket.dk/kategori/webshops/hobby-sport-fritid/
geoffanderson.dk;https://geoffanderson.dk/;Hobby, sport & fritid (281);https://www.emaerket.dk/kategori/webshops/hobby-sport-fritid/
gilpa.dk;https://gilpa.dk/;Dyr & deres pleje (68);https://www.emaerket.dk/kategori/webshops/dyr-deres-pleje/
gimli-store.dk;https://gimli-store.dk/;Hobby, sport & fritid (281);https://www.emaerket.dk/kategori/webshops/hobby-sport-fritid/
girlstore.dk;https://girlstore.dk/;Tøj & sko (188);https://www.emaerket.dk/kategori/webshops/toej-og-sko/
givetojcenter.dk;https://givetojcenter.dk/;Tøj & sko (188);https://www.emaerket.dk/kategori/webshops/toej-og-sko/
gladerollinger.dk;https://gladerollinger.dk/;Babytøj, børnetøj & ting til børn (123) | Tøj & sko (188);https://www.emaerket.dk/kategori/webshops/babytoj-bornetoj-ting-til-born/ | https://www.emaerket.dk/kategori/webshops/toej-og-sko/
glamrdip.dk;https://glamrdip.dk/;Helse & personlig pleje (195);https://www.emaerket.dk/kategori/webshops/helse-personlig-pleje/
glasshop.dk;https://glasshop.dk/;Hus & have (490) | Møbler & boligindretning (386);https://www.emaerket.dk/kategori/webshops/hus-have/ | https://www.emaerket.dk/kategori/webshops/mobler-boligindretning/
globaltools.dk;https://www.globaltools.dk/;Byggemarked & byggevarer (129) | Hobby, sport & fritid (281) | Hus & have (490) | Salg til virksomheder (177);https://www.emaerket.dk/kategori/webshops/byggemarked-byggevarer/ | https://www.emaerket.dk/kategori/webshops/hobby-sport-fritid/ | https://www.emaerket.dk/kategori/webshops/hus-have/ | https://www.emaerket.dk/kategori/webshops/salg-til-virksomheder/
globebuddy.dk;https://globebuddy.dk/;Dyr & deres pleje (68);https://www.emaerket.dk/kategori/webshops/dyr-deres-pleje/
glod.dk;https://glod.dk/;Elektronik tele & foto (169) | Hus & have (490) | Kontorartikler m.v. (67) | Møbler & boligindretning (386);https://www.emaerket.dk/kategori/webshops/elektronik-tele-foto/ | https://www.emaerket.dk/kategori/webshops/hus-have/ | https://www.emaerket.dk/kategori/webshops/kontorartikler-m-v/ | https://www.emaerket.dk/kategori/webshops/mobler-boligindretning/
gloriamundicare.dk;https://gloriamundicare.dk/;Elektronik tele & foto (169) | Gaveartikler & blomster (122) | Helse & personlig pleje (195) | Hus & have (490) | Møbler & boligindretning (386);https://www.emaerket.dk/kategori/webshops/elektronik-tele-foto/ | https://www.emaerket.dk/kategori/webshops/gaveartikler-blomster/ | https://www.emaerket.dk/kategori/webshops/helse-personlig-pleje/ | https://www.emaerket.dk/kategori/webshops/hus-have/ | https://www.emaerket.dk/kategori/webshops/mobler-boligindretning/
glowhair.dk;https://glowhair.dk/;Helse & personlig pleje (195);https://www.emaerket.dk/kategori/webshops/helse-personlig-pleje/
glowiecph.dk;https://glowiecph.dk/;Helse & personlig pleje (195);https://www.emaerket.dk/kategori/webshops/helse-personlig-pleje/
gnavernes-univers.dk;https://gnavernes-univers.dk/;Dyr & deres pleje (68);https://www.emaerket.dk/kategori/webshops/dyr-deres-pleje/
go-fishing.dk;https://www.go-fishing.dk/;Hobby, sport & fritid (281);https://www.emaerket.dk/kategori/webshops/hobby-sport-fritid/
goecker.dk;https://goecker.dk/;Elektronik tele & foto (169) | Salg til virksomheder (177);https://www.emaerket.dk/kategori/webshops/elektronik-tele-foto/ | https://www.emaerket.dk/kategori/webshops/salg-til-virksomheder/
gogsig.dk;https://gogsig.dk/;Babytøj, børnetøj & ting til børn (123);https://www.emaerket.dk/kategori/webshops/babytoj-bornetoj-ting-til-born/
gohandmade.dk;https://gohandmade.dk/;Hobby, sport & fritid (281);https://www.emaerket.dk/kategori/webshops/hobby-sport-fritid/
golfgodter.dk;https://golfgodter.dk/;Smykker, ure & accessories (130) | Tøj & sko (188);https://www.emaerket.dk/kategori/webshops/smykker-ure-accessories/ | https://www.emaerket.dk/kategori/webshops/toej-og-sko/
golfit.dk;https://golfit.dk/;Hobby, sport & fritid (281) | Tøj & sko (188);https://www.emaerket.dk/kategori/webshops/hobby-sport-fritid/ | https://www.emaerket.dk/kategori/webshops/toej-og-sko/
golittle.dk;https://golittle.dk/;Oplevelser & underholdning (21);https://www.emaerket.dk/kategori/webshops/oplevelser-underholdning/
goodskin.dk;https://goodskin.dk/;Helse & personlig pleje (195);https://www.emaerket.dk/kategori/webshops/helse-personlig-pleje/
gordner.dk;https://gordner.dk/;Hobby, sport & fritid (281) | Salg til virksomheder (177);https://www.emaerket.dk/kategori/webshops/hobby-sport-fritid/ | https://www.emaerket.dk/kategori/webshops/salg-til-virksomheder/
gosh.dk;https://gosh.dk/;Helse & personlig pleje (195);https://www.emaerket.dk/kategori/webshops/helse-personlig-pleje/
gottfried.dk;https://gottfried.dk/;Musik & udstyr (20);https://www.emaerket.dk/kategori/webshops/musik-udstyr/
gr8style.dk;https://gr8style.dk/;Helse & personlig pleje (195);https://www.emaerket.dk/kategori/webshops/helse-personlig-pleje/
granitbutikken.dk;https://www.granitbutikken.dk/;Byggemarked & byggevarer (129) | Hus & have (490) | Møbler & boligindretning (386) | Salg til virksomheder (177);https://www.emaerket.dk/kategori/webshops/byggemarked-byggevarer/ | https://www.emaerket.dk/kategori/webshops/hus-have/ | https://www.emaerket.dk/kategori/webshops/mobler-boligindretning/ | https://www.emaerket.dk/kategori/webshops/salg-til-virksomheder/
gravidtid.dk;https://gravidtid.dk/;Helse & personlig pleje (195);https://www.emaerket.dk/kategori/webshops/helse-personlig-pleje/
greatlife.dk;https://www.greatlife.dk/;Helse & personlig pleje (195);https://www.emaerket.dk/kategori/webshops/helse-personlig-pleje/
grebkompagniet.dk;https://grebkompagniet.dk/;Byggemarked & byggevarer (129) | Hus & have (490) | Møbler & boligindretning (386);https://www.emaerket.dk/kategori/webshops/byggemarked-byggevarer/ | https://www.emaerket.dk/kategori/webshops/hus-have/ | https://www.emaerket.dk/kategori/webshops/mobler-boligindretning/
green-comfort.dk;https://green-comfort.dk/;Tøj & sko (188);https://www.emaerket.dk/kategori/webshops/toej-og-sko/
greencargear.dk;https://greencargear.dk/;Bil cykel & transport (62) | Elektronik tele & foto (169);https://www.emaerket.dk/kategori/webshops/bil-cykel-transport/ | https://www.emaerket.dk/kategori/webshops/elektronik-tele-foto/
greenfrog.dk;https://greenfrog.dk/;Hus & have (490);https://www.emaerket.dk/kategori/webshops/hus-have/
greenheroes.dk;https://greenheroes.dk/;Elektronik tele & foto (169) | Salg til virksomheder (177);https://www.emaerket.dk/kategori/webshops/elektronik-tele-foto/ | https://www.emaerket.dk/kategori/webshops/salg-til-virksomheder/
greenify.dk;https://greenify.dk/;Gaveartikler & blomster (122) | Hus & have (490) | Møbler & boligindretning (386) | Salg til virksomheder (177);https://www.emaerket.dk/kategori/webshops/gaveartikler-blomster/ | https://www.emaerket.dk/kategori/webshops/hus-have/ | https://www.emaerket.dk/kategori/webshops/mobler-boligindretning/ | https://www.emaerket.dk/kategori/webshops/salg-til-virksomheder/
greenland-travel.dk;https://greenland-travel.dk/;Ferie & rejse (33) | Salg til virksomheder (177);https://www.emaerket.dk/kategori/webshops/ferie-rejse/ | https://www.emaerket.dk/kategori/webshops/salg-til-virksomheder/
greenlaptops.dk;https://greenlaptops.dk/;Elektronik tele & foto (169);https://www.emaerket.dk/kategori/webshops/elektronik-tele-foto/
greenline.dk;https://greenline.dk/;Elektronik tele & foto (169);https://www.emaerket.dk/kategori/webshops/elektronik-tele-foto/
greenmind.dk;https://greenmind.dk/;Elektronik tele & foto (169);https://www.emaerket.dk/kategori/webshops/elektronik-tele-foto/
greenoff.dk;https://greenoff.dk/;Elektronik tele & foto (169) | Kontorartikler m.v. (67) | Salg til virksomheder (177);https://www.emaerket.dk/kategori/webshops/elektronik-tele-foto/ | https://www.emaerket.dk/kategori/webshops/kontorartikler-m-v/ | https://www.emaerket.dk/kategori/webshops/salg-til-virksomheder/
greenolive.dk;https://greenolive.dk/;Hus & have (490);https://www.emaerket.dk/kategori/webshops/hus-have/
greenos.dk;https://greenos.dk/;Mad, vin & dagligvarer (86);https://www.emaerket.dk/kategori/webshops/mad-vin-dagligvarer/
greenplanet.dk;https://greenplanet.dk/;Babytøj, børnetøj & ting til børn (123) | Helse & personlig pleje (195) | Møbler & boligindretning (386);https://www.emaerket.dk/kategori/webshops/babytoj-bornetoj-ting-til-born/ | https://www.emaerket.dk/kategori/webshops/helse-personlig-pleje/ | https://www.emaerket.dk/kategori/webshops/mobler-boligindretning/
greentel.dk;https://greentel.dk/;Elektronik tele & foto (169);https://www.emaerket.dk/kategori/webshops/elektronik-tele-foto/
grevernesgolfshop.dk;https://grevernesgolfshop.dk/;Ferie & rejse (33) | Hobby, sport & fritid (281) | Tøj & sko (188);https://www.emaerket.dk/kategori/webshops/ferie-rejse/ | https://www.emaerket.dk/kategori/webshops/hobby-sport-fritid/ | https://www.emaerket.dk/kategori/webshops/toej-og-sko/
groencomputer.dk;https://groencomputer.dk/;Elektronik tele & foto (169);https://www.emaerket.dk/kategori/webshops/elektronik-tele-foto/
grondals.dk;https://grondals.dk/;Mad, vin & dagligvarer (86);https://www.emaerket.dk/kategori/webshops/mad-vin-dagligvarer/
growshop.dk;https://growshop.dk/;Hobby, sport & fritid (281) | Hus & have (490);https://www.emaerket.dk/kategori/webshops/hobby-sport-fritid/ | https://www.emaerket.dk/kategori/webshops/hus-have/
growtek.dk;https://www.growtek.dk/;Hus & have (490);https://www.emaerket.dk/kategori/webshops/hus-have/
grundled.dk;https://grundled.dk/;Smykker, ure & accessories (130);https://www.emaerket.dk/kategori/webshops/smykker-ure-accessories/
grusdirekte.dk;https://grusdirekte.dk/;Byggemarked & byggevarer (129) | Hus & have (490) | Salg til virksomheder (177);https://www.emaerket.dk/kategori/webshops/byggemarked-byggevarer/ | https://www.emaerket.dk/kategori/webshops/hus-have/ | https://www.emaerket.dk/kategori/webshops/salg-til-virksomheder/
gruslevering.dk;https://gruslevering.dk/;Byggemarked & byggevarer (129) | Dyr & deres pleje (68) | Hus & have (490) | Organisationer & foreninger (9) | Salg til virksomheder (177);https://www.emaerket.dk/kategori/webshops/byggemarked-byggevarer/ | https://www.emaerket.dk/kategori/webshops/dyr-deres-pleje/ | https://www.emaerket.dk/kategori/webshops/hus-have/ | https://www.emaerket.dk/kategori/webshops/organisationer-foreninger/ | https://www.emaerket.dk/kategori/webshops/salg-til-virksomheder/
grydeguru.dk;https://grydeguru.dk/;Hus & have (490) | Møbler & boligindretning (386);https://www.emaerket.dk/kategori/webshops/hus-have/ | https://www.emaerket.dk/kategori/webshops/mobler-boligindretning/
gryderetten.dk;https://gryderetten.dk/;Mad, vin & dagligvarer (86);https://www.emaerket.dk/kategori/webshops/mad-vin-dagligvarer/
gs-supply.dk;https://www.gs-supply.dk/;Byggemarked & byggevarer (129) | Gaveartikler & blomster (122) | Kontorartikler m.v. (67) | Møbler & boligindretning (386) | Salg til virksomheder (177) | Tøj & sko (188);https://www.emaerket.dk/kategori/webshops/byggemarked-byggevarer/ | https://www.emaerket.dk/kategori/webshops/gaveartikler-blomster/ | https://www.emaerket.dk/kategori/webshops/kontorartikler-m-v/ | https://www.emaerket.dk/kategori/webshops/mobler-boligindretning/ | https://www.emaerket.dk/kategori/webshops/salg-til-virksomheder/ | https://www.emaerket.dk/kategori/webshops/toej-og-sko/
guldbech.dk;https://guldbech.dk/;Gaveartikler & blomster (122) | Oplevelser & underholdning (21) | Salg til virksomheder (177) | Smykker, ure & accessories (130);https://www.emaerket.dk/kategori/webshops/gaveartikler-blomster/ | https://www.emaerket.dk/kategori/webshops/oplevelser-underholdning/ | https://www.emaerket.dk/kategori/webshops/salg-til-virksomheder/ | https://www.emaerket.dk/kategori/webshops/smykker-ure-accessories/
guldcenter.dk;https://guldcenter.dk/;Smykker, ure & accessories (130);https://www.emaerket.dk/kategori/webshops/smykker-ure-accessories/
guldsmed-norup.dk;https://guldsmed-norup.dk/;Smykker, ure & accessories (130);https://www.emaerket.dk/kategori/webshops/smykker-ure-accessories/
guldsmedoestergaard.dk;https://guldsmedoestergaard.dk/;Gaveartikler & blomster (122) | Hus & have (490) | Møbler & boligindretning (386) | Smykker, ure & accessories (130);https://www.emaerket.dk/kategori/webshops/gaveartikler-blomster/ | https://www.emaerket.dk/kategori/webshops/hus-have/ | https://www.emaerket.dk/kategori/webshops/mobler-boligindretning/ | https://www.emaerket.dk/kategori/webshops/smykker-ure-accessories/
guldsmedpade-shop.dk;https://guldsmedpade-shop.dk/;Smykker, ure & accessories (130);https://www.emaerket.dk/kategori/webshops/smykker-ure-accessories/
guldsmykket.dk;https://guldsmykket.dk/;Smykker, ure & accessories (130);https://www.emaerket.dk/kategori/webshops/smykker-ure-accessories/
gulv-land.dk;https://gulv-land.dk/;Byggemarked & byggevarer (129);https://www.emaerket.dk/kategori/webshops/byggemarked-byggevarer/
gulvlageret.dk;https://gulvlageret.dk/;Byggemarked & byggevarer (129) | Hus & have (490) | Møbler & boligindretning (386) | Salg til virksomheder (177);https://www.emaerket.dk/kategori/webshops/byggemarked-byggevarer/ | https://www.emaerket.dk/kategori/webshops/hus-have/ | https://www.emaerket.dk/kategori/webshops/mobler-boligindretning/ | https://www.emaerket.dk/kategori/webshops/salg-til-virksomheder/
gulvogfliseeksperten.dk;https://gulvogfliseeksperten.dk/;Byggemarked & byggevarer (129) | Hus & have (490) | Møbler & boligindretning (386);https://www.emaerket.dk/kategori/webshops/byggemarked-byggevarer/ | https://www.emaerket.dk/kategori/webshops/hus-have/ | https://www.emaerket.dk/kategori/webshops/mobler-boligindretning/
gumpel.dk;https://gumpel.dk/;Hobby, sport & fritid (281) | Tøj & sko (188);https://www.emaerket.dk/kategori/webshops/hobby-sport-fritid/ | https://www.emaerket.dk/kategori/webshops/toej-og-sko/
gunpit.dk;https://www.gunpit.dk/;Hobby, sport & fritid (281);https://www.emaerket.dk/kategori/webshops/hobby-sport-fritid/
gymnastikogridesport.dk;https://gymnastikogridesport.dk/;Dyr & deres pleje (68) | Hobby, sport & fritid (281);https://www.emaerket.dk/kategori/webshops/dyr-deres-pleje/ | https://www.emaerket.dk/kategori/webshops/hobby-sport-fritid/
haahr-display.dk;https://haahr-display.dk/;Salg til virksomheder (177);https://www.emaerket.dk/kategori/webshops/salg-til-virksomheder/
haekplanteronline.dk;https://haekplanteronline.dk/;Hus & have (490);https://www.emaerket.dk/kategori/webshops/hus-have/
hafa.dk;https://hafa.dk/;Møbler & boligindretning (386);https://www.emaerket.dk/kategori/webshops/mobler-boligindretning/
hair247.dk;https://www.hair247.dk/;Helse & personlig pleje (195);https://www.emaerket.dk/kategori/webshops/helse-personlig-pleje/
halokids.dk;https://halokids.dk/;Babytøj, børnetøj & ting til børn (123);https://www.emaerket.dk/kategori/webshops/babytoj-bornetoj-ting-til-born/
hanevild.dk;https://hanevild.dk/;Babytøj, børnetøj & ting til børn (123);https://www.emaerket.dk/kategori/webshops/babytoj-bornetoj-ting-til-born/
hansenognissen.dk;https://hansenognissen.dk/;Tøj & sko (188);https://www.emaerket.dk/kategori/webshops/toej-og-sko/
happii.dk;https://www.happii.dk/;Elektronik tele & foto (169) | Helse & personlig pleje (195) | Hus & have (490) | Hvidevarer & VVS (75) | Møbler & boligindretning (386);https://www.emaerket.dk/kategori/webshops/elektronik-tele-foto/ | https://www.emaerket.dk/kategori/webshops/helse-personlig-pleje/ | https://www.emaerket.dk/kategori/webshops/hus-have/ | https://www.emaerket.dk/kategori/webshops/hvidevarer-vvs/ | https://www.emaerket.dk/kategori/webshops/mobler-boligindretning/
happy-horse.dk;https://happy-horse.dk/;Dyr & deres pleje (68) | Hobby, sport & fritid (281);https://www.emaerket.dk/kategori/webshops/dyr-deres-pleje/ | https://www.emaerket.dk/kategori/webshops/hobby-sport-fritid/
happyflower.dk;https://happyflower.dk/;Gaveartikler & blomster (122);https://www.emaerket.dk/kategori/webshops/gaveartikler-blomster/
happyhoola.com;https://happyhoola.com/;Gaveartikler & blomster (122) | Hobby, sport & fritid (281);https://www.emaerket.dk/kategori/webshops/gaveartikler-blomster/ | https://www.emaerket.dk/kategori/webshops/hobby-sport-fritid/
harald-nyborg.dk;https://www.harald-nyborg.dk/;Byggemarked & byggevarer (129) | Hus & have (490) | Hvidevarer & VVS (75) | Møbler & boligindretning (386);https://www.emaerket.dk/kategori/webshops/byggemarked-byggevarer/ | https://www.emaerket.dk/kategori/webshops/hus-have/ | https://www.emaerket.dk/kategori/webshops/hvidevarer-vvs/ | https://www.emaerket.dk/kategori/webshops/mobler-boligindretning/
hartmann-skive.dk;https://hartmann-skive.dk/;Smykker, ure & accessories (130);https://www.emaerket.dk/kategori/webshops/smykker-ure-accessories/
havedamscenter.dk;https://havedamscenter.dk/;Hus & have (490);https://www.emaerket.dk/kategori/webshops/hus-have/
havehandel.dk;https://havehandel.dk/;Hus & have (490);https://www.emaerket.dk/kategori/webshops/hus-have/
havehegn.dk;https://havehegn.dk/;Byggemarked & byggevarer (129) | Hus & have (490);https://www.emaerket.dk/kategori/webshops/byggemarked-byggevarer/ | https://www.emaerket.dk/kategori/webshops/hus-have/
havehobby.dk;https://havehobby.dk/;Hus & have (490);https://www.emaerket.dk/kategori/webshops/hus-have/
havemekka.dk;https://havemekka.dk/;Hus & have (490);https://www.emaerket.dk/kategori/webshops/hus-have/
havemoebelland.dk;https://havemoebelland.dk/;Hus & have (490) | Møbler & boligindretning (386);https://www.emaerket.dk/kategori/webshops/hus-have/ | https://www.emaerket.dk/kategori/webshops/mobler-boligindretning/
havemoebelshoppen.dk;https://havemoebelshoppen.dk/;Hus & have (490) | Møbler & boligindretning (386);https://www.emaerket.dk/kategori/webshops/hus-have/ | https://www.emaerket.dk/kategori/webshops/mobler-boligindretning/
haveteknik.dk;https://haveteknik.dk/;Hus & have (490);https://www.emaerket.dk/kategori/webshops/hus-have/
havhokeren.dk;https://havhokeren.dk/;Hobby, sport & fritid (281) | Tøj & sko (188);https://www.emaerket.dk/kategori/webshops/hobby-sport-fritid/ | https://www.emaerket.dk/kategori/webshops/toej-og-sko/
hcskov.dk;https://hcskov.dk/;Hus & have (490) | Møbler & boligindretning (386) | Salg til virksomheder (177);https://www.emaerket.dk/kategori/webshops/hus-have/ | https://www.emaerket.dk/kategori/webshops/mobler-boligindretning/ | https://www.emaerket.dk/kategori/webshops/salg-til-virksomheder/
headsetshop.dk;https://headsetshop.dk/;Elektronik tele & foto (169);https://www.emaerket.dk/kategori/webshops/elektronik-tele-foto/
heatlets.dk;https://heatlets.dk/;Hus & have (490);https://www.emaerket.dk/kategori/webshops/hus-have/
heatnow.dk;https://heatnow.dk/;Hus & have (490);https://www.emaerket.dk/kategori/webshops/hus-have/
hedenhus.dk;https://hedenhus.dk/;Helse & personlig pleje (195) | Mad, vin & dagligvarer (86);https://www.emaerket.dk/kategori/webshops/helse-personlig-pleje/ | https://www.emaerket.dk/kategori/webshops/mad-vin-dagligvarer/
hegn.as;https://hegn.as/;Hus & have (490);https://www.emaerket.dk/kategori/webshops/hus-have/
heile.dk;https://heile.dk/;Gaveartikler & blomster (122) | Hus & have (490) | Møbler & boligindretning (386);https://www.emaerket.dk/kategori/webshops/gaveartikler-blomster/ | https://www.emaerket.dk/kategori/webshops/hus-have/ | https://www.emaerket.dk/kategori/webshops/mobler-boligindretning/
heino-cykler.dk;https://heino-cykler.dk/;Bil cykel & transport (62) | Tøj & sko (188);https://www.emaerket.dk/kategori/webshops/bil-cykel-transport/ | https://www.emaerket.dk/kategori/webshops/toej-og-sko/
hejholger.dk;https://hejholger.dk/;Byggemarked & byggevarer (129) | Hus & have (490) | Hvidevarer & VVS (75) | Møbler & boligindretning (386);https://www.emaerket.dk/kategori/webshops/byggemarked-byggevarer/ | https://www.emaerket.dk/kategori/webshops/hus-have/ | https://www.emaerket.dk/kategori/webshops/hvidevarer-vvs/ | https://www.emaerket.dk/kategori/webshops/mobler-boligindretning/
helm.nu;https://helm.nu/;Smykker, ure & accessories (130) | Tøj & sko (188);https://www.emaerket.dk/kategori/webshops/smykker-ure-accessories/ | https://www.emaerket.dk/kategori/webshops/toej-og-sko/
helpansafety.dk;https://helpansafety.dk/;Helse & personlig pleje (195) | Hus & have (490) | Salg til virksomheder (177) | Uddannelse & kurser (17);https://www.emaerket.dk/kategori/webshops/helse-personlig-pleje/ | https://www.emaerket.dk/kategori/webshops/hus-have/ | https://www.emaerket.dk/kategori/webshops/salg-til-virksomheder/ | https://www.emaerket.dk/kategori/webshops/uddannelse-kurser/
helsam.dk;https://helsam.dk/;Bøger, cd'er, film & brætspil (41) | Helse & personlig pleje (195) | Hus & have (490) | Mad, vin & dagligvarer (86) | Salg til virksomheder (177);https://www.emaerket.dk/kategori/webshops/boeger-cder-film-braetspil/ | https://www.emaerket.dk/kategori/webshops/helse-personlig-pleje/ | https://www.emaerket.dk/kategori/webshops/hus-have/ | https://www.emaerket.dk/kategori/webshops/mad-vin-dagligvarer/ | https://www.emaerket.dk/kategori/webshops/salg-til-virksomheder/
helsegrossisten.dk;https://helsegrossisten.dk/;Helse & personlig pleje (195) | Mad, vin & dagligvarer (86);https://www.emaerket.dk/kategori/webshops/helse-personlig-pleje/ | https://www.emaerket.dk/kategori/webshops/mad-vin-dagligvarer/
helseudsalg.dk;https://helseudsalg.dk/;Helse & personlig pleje (195) | Hus & have (490) | Mad, vin & dagligvarer (86) | Møbler & boligindretning (386);https://www.emaerket.dk/kategori/webshops/helse-personlig-pleje/ | https://www.emaerket.dk/kategori/webshops/hus-have/ | https://www.emaerket.dk/kategori/webshops/mad-vin-dagligvarer/ | https://www.emaerket.dk/kategori/webshops/mobler-boligindretning/
henza.dk;https://henza.dk/;Helse & personlig pleje (195) | Hobby, sport & fritid (281) | Salg til virksomheder (177);https://www.emaerket.dk/kategori/webshops/helse-personlig-pleje/ | https://www.emaerket.dk/kategori/webshops/hobby-sport-fritid/ | https://www.emaerket.dk/kategori/webshops/salg-til-virksomheder/
hertzmusic.dk;https://hertzmusic.dk/;Hobby, sport & fritid (281) | Musik & udstyr (20);https://www.emaerket.dk/kategori/webshops/hobby-sport-fritid/ | https://www.emaerket.dk/kategori/webshops/musik-udstyr/
hesselagerenergi.dk;https://hesselagerenergi.dk/;Hus & have (490) | Salg til virksomheder (177);https://www.emaerket.dk/kategori/webshops/hus-have/ | https://www.emaerket.dk/kategori/webshops/salg-til-virksomheder/
hhl.dk;https://hhl.dk/;Byggemarked & byggevarer (129) | Kontorartikler m.v. (67) | Møbler & boligindretning (386);https://www.emaerket.dk/kategori/webshops/byggemarked-byggevarer/ | https://www.emaerket.dk/kategori/webshops/kontorartikler-m-v/ | https://www.emaerket.dk/kategori/webshops/mobler-boligindretning/
himmerli.com;https://himmerli.com/;Gaveartikler & blomster (122) | Møbler & boligindretning (386) | Smykker, ure & accessories (130) | Tøj & sko (188);https://www.emaerket.dk/kategori/webshops/gaveartikler-blomster/ | https://www.emaerket.dk/kategori/webshops/mobler-boligindretning/ | https://www.emaerket.dk/kategori/webshops/smykker-ure-accessories/ | https://www.emaerket.dk/kategori/webshops/toej-og-sko/
hirschjewellery.dk;https://hirschjewellery.dk/;Smykker, ure & accessories (130);https://www.emaerket.dk/kategori/webshops/smykker-ure-accessories/
hjem.dk;https://hjem.dk/;Helse & personlig pleje (195) | Hus & have (490) | Møbler & boligindretning (386) | Smykker, ure & accessories (130);https://www.emaerket.dk/kategori/webshops/helse-personlig-pleje/ | https://www.emaerket.dk/kategori/webshops/hus-have/ | https://www.emaerket.dk/kategori/webshops/mobler-boligindretning/ | https://www.emaerket.dk/kategori/webshops/smykker-ure-accessories/
hjemmehos.dk;https://hjemmehos.dk/;Hus & have (490) | Møbler & boligindretning (386);https://www.emaerket.dk/kategori/webshops/hus-have/ | https://www.emaerket.dk/kategori/webshops/mobler-boligindretning/
hjemmeriet.com;https://hjemmeriet.com/;Hus & have (490) | Mad, vin & dagligvarer (86) | Møbler & boligindretning (386);https://www.emaerket.dk/kategori/webshops/hus-have/ | https://www.emaerket.dk/kategori/webshops/mad-vin-dagligvarer/ | https://www.emaerket.dk/kategori/webshops/mobler-boligindretning/
hjemmeudstyr.dk;https://hjemmeudstyr.dk/;Elektronik tele & foto (169) | Ferie & rejse (33) | Hobby, sport & fritid (281) | Møbler & boligindretning (386);https://www.emaerket.dk/kategori/webshops/elektronik-tele-foto/ | https://www.emaerket.dk/kategori/webshops/ferie-rejse/ | https://www.emaerket.dk/kategori/webshops/hobby-sport-fritid/ | https://www.emaerket.dk/kategori/webshops/mobler-boligindretning/
hjemogbord.dk;https://hjemogbord.dk/;Gaveartikler & blomster (122) | Hus & have (490) | Møbler & boligindretning (386);https://www.emaerket.dk/kategori/webshops/gaveartikler-blomster/ | https://www.emaerket.dk/kategori/webshops/hus-have/ | https://www.emaerket.dk/kategori/webshops/mobler-boligindretning/
hk-hornsyld-shop.dk;https://hk-hornsyld-shop.dk/;Dyr & deres pleje (68) | Hobby, sport & fritid (281) | Hus & have (490);https://www.emaerket.dk/kategori/webshops/dyr-deres-pleje/ | https://www.emaerket.dk/kategori/webshops/hobby-sport-fritid/ | https://www.emaerket.dk/kategori/webshops/hus-have/
hobbyboden.dk;https://hobbyboden.dk/;Hobby, sport & fritid (281);https://www.emaerket.dk/kategori/webshops/hobby-sport-fritid/
hobbydrivhuse.dk;https://hobbydrivhuse.dk/;Hus & have (490);https://www.emaerket.dk/kategori/webshops/hus-have/
hobbyprodukter.dk;https://hobbyprodukter.dk/;Gaveartikler & blomster (122) | Hobby, sport & fritid (281) | Kontorartikler m.v. (67);https://www.emaerket.dk/kategori/webshops/gaveartikler-blomster/ | https://www.emaerket.dk/kategori/webshops/hobby-sport-fritid/ | https://www.emaerket.dk/kategori/webshops/kontorartikler-m-v/
hoejgaardbrugskunst.dk;https://hoejgaardbrugskunst.dk/;Hus & have (490) | Kunst (34) | Møbler & boligindretning (386);https://www.emaerket.dk/kategori/webshops/hus-have/ | https://www.emaerket.dk/kategori/webshops/kunst/ | https://www.emaerket.dk/kategori/webshops/mobler-boligindretning/
hoestet.dk;https://hoestet.dk/;Helse & personlig pleje (195) | Mad, vin & dagligvarer (86);https://www.emaerket.dk/kategori/webshops/helse-personlig-pleje/ | https://www.emaerket.dk/kategori/webshops/mad-vin-dagligvarer/
hofstrawagner.dk;https://hofstrawagner.dk/;Møbler & boligindretning (386);https://www.emaerket.dk/kategori/webshops/mobler-boligindretning/
hokagulve.dk;https://hokagulve.dk/;Hus & have (490) | Møbler & boligindretning (386);https://www.emaerket.dk/kategori/webshops/hus-have/ | https://www.emaerket.dk/kategori/webshops/mobler-boligindretning/
home-fitness.dk;https://home-fitness.dk/;Helse & personlig pleje (195) | Hobby, sport & fritid (281) | Salg til virksomheder (177);https://www.emaerket.dk/kategori/webshops/helse-personlig-pleje/ | https://www.emaerket.dk/kategori/webshops/hobby-sport-fritid/ | https://www.emaerket.dk/kategori/webshops/salg-til-virksomheder/
homeshop.dk;https://www.homeshop.dk/;Byggemarked & byggevarer (129) | Hus & have (490) | Hvidevarer & VVS (75) | Møbler & boligindretning (386);https://www.emaerket.dk/kategori/webshops/byggemarked-byggevarer/ | https://www.emaerket.dk/kategori/webshops/hus-have/ | https://www.emaerket.dk/kategori/webshops/hvidevarer-vvs/ | https://www.emaerket.dk/kategori/webshops/mobler-boligindretning/
hometomato.dk;https://hometomato.dk/;Byggemarked & byggevarer (129) | Hus & have (490);https://www.emaerket.dk/kategori/webshops/byggemarked-byggevarer/ | https://www.emaerket.dk/kategori/webshops/hus-have/
homoware.dk;https://www.homoware.dk/;Dating & erotik (12);https://www.emaerket.dk/kategori/webshops/dating-og-erotik/
hondashoppen.com;https://hondashoppen.com/;Hobby, sport & fritid (281) | Hus & have (490) | Salg til virksomheder (177);https://www.emaerket.dk/kategori/webshops/hobby-sport-fritid/ | https://www.emaerket.dk/kategori/webshops/hus-have/ | https://www.emaerket.dk/kategori/webshops/salg-til-virksomheder/
hooked4pets.dk;https://hooked4pets.dk/;Dyr & deres pleje (68);https://www.emaerket.dk/kategori/webshops/dyr-deres-pleje/
hooks.dk;https://hooks.dk/;Dyr & deres pleje (68);https://www.emaerket.dk/kategori/webshops/dyr-deres-pleje/
hornvarefabrikken.dk;https://hornvarefabrikken.dk/;Gaveartikler & blomster (122) | Hus & have (490) | Møbler & boligindretning (386) | Smykker, ure & accessories (130);https://www.emaerket.dk/kategori/webshops/gaveartikler-blomster/ | https://www.emaerket.dk/kategori/webshops/hus-have/ | https://www.emaerket.dk/kategori/webshops/mobler-boligindretning/ | https://www.emaerket.dk/kategori/webshops/smykker-ure-accessories/
horseconsult.com;https://horseconsult.com/;Bøger, cd'er, film & brætspil (41) | Dyr & deres pleje (68) | Gaveartikler & blomster (122) | Hobby, sport & fritid (281) | Hus & have (490) | Smykker, ure & accessories (130) | Uddannelse & kurser (17);https://www.emaerket.dk/kategori/webshops/boeger-cder-film-braetspil/ | https://www.emaerket.dk/kategori/webshops/dyr-deres-pleje/ | https://www.emaerket.dk/kategori/webshops/gaveartikler-blomster/ | https://www.emaerket.dk/kategori/webshops/hobby-sport-fritid/ | https://www.emaerket.dk/kategori/webshops/hus-have/ | https://www.emaerket.dk/kategori/webshops/smykker-ure-accessories/ | https://www.emaerket.dk/kategori/webshops/uddannelse-kurser/
horselab.dk;https://horselab.dk/;Dyr & deres pleje (68);https://www.emaerket.dk/kategori/webshops/dyr-deres-pleje/
horseworld.dk;https://horseworld.dk/;Dyr & deres pleje (68) | Tøj & sko (188);https://www.emaerket.dk/kategori/webshops/dyr-deres-pleje/ | https://www.emaerket.dk/kategori/webshops/toej-og-sko/
hoslange.dk;https://hoslange.dk/;Gaveartikler & blomster (122) | Hus & have (490) | Møbler & boligindretning (386);https://www.emaerket.dk/kategori/webshops/gaveartikler-blomster/ | https://www.emaerket.dk/kategori/webshops/hus-have/ | https://www.emaerket.dk/kategori/webshops/mobler-boligindretning/
housedoctor.com;https://housedoctor.com/;Hus & have (490) | Møbler & boligindretning (386);https://www.emaerket.dk/kategori/webshops/hus-have/ | https://www.emaerket.dk/kategori/webshops/mobler-boligindretning/
houseofkroman.dk;https://houseofkroman.dk/;Møbler & boligindretning (386);https://www.emaerket.dk/kategori/webshops/mobler-boligindretning/
hpreservedele.dk;https://hpreservedele.dk/;Hus & have (490);https://www.emaerket.dk/kategori/webshops/hus-have/
hth.dk;https://hth.dk/;Hus & have (490) | Hvidevarer & VVS (75);https://www.emaerket.dk/kategori/webshops/hus-have/ | https://www.emaerket.dk/kategori/webshops/hvidevarer-vvs/
hubshop.dk;https://hubshop.dk/;Elektronik tele & foto (169) | Gaveartikler & blomster (122) | Hobby, sport & fritid (281);https://www.emaerket.dk/kategori/webshops/elektronik-tele-foto/ | https://www.emaerket.dk/kategori/webshops/gaveartikler-blomster/ | https://www.emaerket.dk/kategori/webshops/hobby-sport-fritid/
hugo-p.dk;https://hugo-p.dk/;Ferie & rejse (33) | Smykker, ure & accessories (130);https://www.emaerket.dk/kategori/webshops/ferie-rejse/ | https://www.emaerket.dk/kategori/webshops/smykker-ure-accessories/
humlecentralen.dk;https://humlecentralen.dk/;Mad, vin & dagligvarer (86) | Salg til virksomheder (177);https://www.emaerket.dk/kategori/webshops/mad-vin-dagligvarer/ | https://www.emaerket.dk/kategori/webshops/salg-til-virksomheder/
hundehjertet.dk;https://hundehjertet.dk/;Dyr & deres pleje (68);https://www.emaerket.dk/kategori/webshops/dyr-deres-pleje/
hunterspoint.dk;https://hunterspoint.dk/;Hobby, sport & fritid (281);https://www.emaerket.dk/kategori/webshops/hobby-sport-fritid/
hvidevareland.dk;https://hvidevareland.dk/;Hus & have (490) | Hvidevarer & VVS (75);https://www.emaerket.dk/kategori/webshops/hus-have/ | https://www.emaerket.dk/kategori/webshops/hvidevarer-vvs/
hvidevareshoppen.dk;https://hvidevareshoppen.dk/;Hus & have (490) | Hvidevarer & VVS (75);https://www.emaerket.dk/kategori/webshops/hus-have/ | https://www.emaerket.dk/kategori/webshops/hvidevarer-vvs/
hvidovresport.dk;https://hvidovresport.dk/;Hobby, sport & fritid (281);https://www.emaerket.dk/kategori/webshops/hobby-sport-fritid/
hvidtogfrit.dk;https://hvidtogfrit.dk/;Hus & have (490) | Hvidevarer & VVS (75);https://www.emaerket.dk/kategori/webshops/hus-have/ | https://www.emaerket.dk/kategori/webshops/hvidevarer-vvs/
hygge-liv.dk;https://hygge-liv.dk/;Babytøj, børnetøj & ting til børn (123) | Dyr & deres pleje (68) | Gaveartikler & blomster (122) | Hus & have (490) | Kunst (34) | Møbler & boligindretning (386) | Salg til virksomheder (177);https://www.emaerket.dk/kategori/webshops/babytoj-bornetoj-ting-til-born/ | https://www.emaerket.dk/kategori/webshops/dyr-deres-pleje/ | https://www.emaerket.dk/kategori/webshops/gaveartikler-blomster/ | https://www.emaerket.dk/kategori/webshops/hus-have/ | https://www.emaerket.dk/kategori/webshops/kunst/ | https://www.emaerket.dk/kategori/webshops/mobler-boligindretning/ | https://www.emaerket.dk/kategori/webshops/salg-til-virksomheder/
hyggeonkel.dk;https://www.hyggeonkel.dk/;Babytøj, børnetøj & ting til børn (123) | Bøger, cd'er, film & brætspil (41);https://www.emaerket.dk/kategori/webshops/babytoj-bornetoj-ting-til-born/ | https://www.emaerket.dk/kategori/webshops/boeger-cder-film-braetspil/
ibf.dk;https://ibf.dk/;Byggemarked & byggevarer (129) | Hus & have (490);https://www.emaerket.dk/kategori/webshops/byggemarked-byggevarer/ | https://www.emaerket.dk/kategori/webshops/hus-have/
ideshoppen.com;https://ideshoppen.com/;Babytøj, børnetøj & ting til børn (123) | Gaveartikler & blomster (122) | Hus & have (490) | Møbler & boligindretning (386);https://www.emaerket.dk/kategori/webshops/babytoj-bornetoj-ting-til-born/ | https://www.emaerket.dk/kategori/webshops/gaveartikler-blomster/ | https://www.emaerket.dk/kategori/webshops/hus-have/ | https://www.emaerket.dk/kategori/webshops/mobler-boligindretning/
idevice.dk;https://idevice.dk/;Elektronik tele & foto (169);https://www.emaerket.dk/kategori/webshops/elektronik-tele-foto/
ikastetiket.dk;https://ikastetiket.dk/;Babytøj, børnetøj & ting til børn (123) | Tøj & sko (188);https://www.emaerket.dk/kategori/webshops/babytoj-bornetoj-ting-til-born/ | https://www.emaerket.dk/kategori/webshops/toej-og-sko/
illux.dk;https://illux.dk/;Møbler & boligindretning (386);https://www.emaerket.dk/kategori/webshops/mobler-boligindretning/
iloveshampoo.dk;https://iloveshampoo.dk/;Helse & personlig pleje (195);https://www.emaerket.dk/kategori/webshops/helse-personlig-pleje/
ilva.dk;https://ilva.dk/;Hus & have (490) | Møbler & boligindretning (386);https://www.emaerket.dk/kategori/webshops/hus-have/ | https://www.emaerket.dk/kategori/webshops/mobler-boligindretning/
imerco.dk;https://imerco.dk/;Helse & personlig pleje (195) | Hus & have (490) | Møbler & boligindretning (386);https://www.emaerket.dk/kategori/webshops/helse-personlig-pleje/ | https://www.emaerket.dk/kategori/webshops/hus-have/ | https://www.emaerket.dk/kategori/webshops/mobler-boligindretning/
incapants.com;https://www.incapants.com/;Tøj & sko (188);https://www.emaerket.dk/kategori/webshops/toej-og-sko/
incover.dk;https://incover.dk/;Elektronik tele & foto (169);https://www.emaerket.dk/kategori/webshops/elektronik-tele-foto/
indoorliving.dk;https://indoorliving.dk/;Gaveartikler & blomster (122) | Møbler & boligindretning (386);https://www.emaerket.dk/kategori/webshops/gaveartikler-blomster/ | https://www.emaerket.dk/kategori/webshops/mobler-boligindretning/
ingredien.com;https://ingredien.com/;Helse & personlig pleje (195);https://www.emaerket.dk/kategori/webshops/helse-personlig-pleje/
ingridmarie.dk;https://ingridmarie.dk/;Hobby, sport & fritid (281);https://www.emaerket.dk/kategori/webshops/hobby-sport-fritid/
ingvardchristensen.dk;https://ingvardchristensen.dk/;Hus & have (490) | Møbler & boligindretning (386);https://www.emaerket.dk/kategori/webshops/hus-have/ | https://www.emaerket.dk/kategori/webshops/mobler-boligindretning/
inkclub.com;https://inkclub.com/;Kontorartikler m.v. (67);https://www.emaerket.dk/kategori/webshops/kontorartikler-m-v/
inkpro.dk;https://inkpro.dk/;Elektronik tele & foto (169) | Kontorartikler m.v. (67);https://www.emaerket.dk/kategori/webshops/elektronik-tele-foto/ | https://www.emaerket.dk/kategori/webshops/kontorartikler-m-v/
inphone.dk;https://inphone.dk/;Bil cykel & transport (62) | Elektronik tele & foto (169) | Kontorartikler m.v. (67) | Musik & udstyr (20) | Salg til virksomheder (177);https://www.emaerket.dk/kategori/webshops/bil-cykel-transport/ | https://www.emaerket.dk/kategori/webshops/elektronik-tele-foto/ | https://www.emaerket.dk/kategori/webshops/kontorartikler-m-v/ | https://www.emaerket.dk/kategori/webshops/musik-udstyr/ | https://www.emaerket.dk/kategori/webshops/salg-til-virksomheder/
insidesystems.com;https://insidesystems.com/;Salg til virksomheder (177);https://www.emaerket.dk/kategori/webshops/salg-til-virksomheder/
inspiredparfume.dk;https://inspiredparfume.dk/;Helse & personlig pleje (195);https://www.emaerket.dk/kategori/webshops/helse-personlig-pleje/
interflora.dk;https://interflora.dk/;Gaveartikler & blomster (122) | Mad, vin & dagligvarer (86);https://www.emaerket.dk/kategori/webshops/gaveartikler-blomster/ | https://www.emaerket.dk/kategori/webshops/mad-vin-dagligvarer/
interiorshop.dk;https://interiorshop.dk/;Hus & have (490) | Møbler & boligindretning (386);https://www.emaerket.dk/kategori/webshops/hus-have/ | https://www.emaerket.dk/kategori/webshops/mobler-boligindretning/
internationaldesign.dk;https://internationaldesign.dk/;Hus & have (490) | Møbler & boligindretning (386);https://www.emaerket.dk/kategori/webshops/hus-have/ | https://www.emaerket.dk/kategori/webshops/mobler-boligindretning/
interpresent.dk;https://interpresent.dk/;Gaveartikler & blomster (122);https://www.emaerket.dk/kategori/webshops/gaveartikler-blomster/
inventarland.dk;https://inventarland.dk/;Hus & have (490) | Møbler & boligindretning (386) | Salg til virksomheder (177);https://www.emaerket.dk/kategori/webshops/hus-have/ | https://www.emaerket.dk/kategori/webshops/mobler-boligindretning/ | https://www.emaerket.dk/kategori/webshops/salg-til-virksomheder/
ion-balance.dk;https://ion-balance.dk/;Helse & personlig pleje (195);https://www.emaerket.dk/kategori/webshops/helse-personlig-pleje/
ipcam-shop.dk;https://ipcam-shop.dk/;Elektronik tele & foto (169);https://www.emaerket.dk/kategori/webshops/elektronik-tele-foto/
iphoneopladere.dk;https://iphoneopladere.dk/;Elektronik tele & foto (169);https://www.emaerket.dk/kategori/webshops/elektronik-tele-foto/
isenkrammeren.dk;https://isenkrammeren.dk/;Gaveartikler & blomster (122) | Hus & have (490) | Møbler & boligindretning (386);https://www.emaerket.dk/kategori/webshops/gaveartikler-blomster/ | https://www.emaerket.dk/kategori/webshops/hus-have/ | https://www.emaerket.dk/kategori/webshops/mobler-boligindretning/
isenkramonline.dk;https://isenkramonline.dk/;Helse & personlig pleje (195) | Hus & have (490) | Hvidevarer & VVS (75) | Mad, vin & dagligvarer (86) | Møbler & boligindretning (386);https://www.emaerket.dk/kategori/webshops/helse-personlig-pleje/ | https://www.emaerket.dk/kategori/webshops/hus-have/ | https://www.emaerket.dk/kategori/webshops/hvidevarer-vvs/ | https://www.emaerket.dk/kategori/webshops/mad-vin-dagligvarer/ | https://www.emaerket.dk/kategori/webshops/mobler-boligindretning/
isports.dk;https://isports.dk/;Helse & personlig pleje (195) | Hobby, sport & fritid (281) | Hus & have (490);https://www.emaerket.dk/kategori/webshops/helse-personlig-pleje/ | https://www.emaerket.dk/kategori/webshops/hobby-sport-fritid/ | https://www.emaerket.dk/kategori/webshops/hus-have/
iversen-import.dk;https://www.iversen-import.dk/;Hobby, sport & fritid (281);https://www.emaerket.dk/kategori/webshops/hobby-sport-fritid/
jacobsenmobler.dk;https://jacobsenmobler.dk/;Hus & have (490) | Møbler & boligindretning (386);https://www.emaerket.dk/kategori/webshops/hus-have/ | https://www.emaerket.dk/kategori/webshops/mobler-boligindretning/
jacobsenplus.dk;https://jacobsenplus.dk/;Hus & have (490) | Møbler & boligindretning (386);https://www.emaerket.dk/kategori/webshops/hus-have/ | https://www.emaerket.dk/kategori/webshops/mobler-boligindretning/
jagparts.dk;https://jagparts.dk/;Bil cykel & transport (62) | Hobby, sport & fritid (281);https://www.emaerket.dk/kategori/webshops/bil-cykel-transport/ | https://www.emaerket.dk/kategori/webshops/hobby-sport-fritid/
jagtogvildt.dk;https://jagtogvildt.dk/;Hobby, sport & fritid (281);https://www.emaerket.dk/kategori/webshops/hobby-sport-fritid/
janjorgensensmykker.dk;https://janjorgensensmykker.dk/;Smykker, ure & accessories (130);https://www.emaerket.dk/kategori/webshops/smykker-ure-accessories/
japebo.dk;https://japebo.dk/;Elektronik tele & foto (169) | Helse & personlig pleje (195) | Hobby, sport & fritid (281);https://www.emaerket.dk/kategori/webshops/elektronik-tele-foto/ | https://www.emaerket.dk/kategori/webshops/helse-personlig-pleje/ | https://www.emaerket.dk/kategori/webshops/hobby-sport-fritid/
jbyjfashion.dk;https://jbyjfashion.dk/;Smykker, ure & accessories (130) | Tøj & sko (188);https://www.emaerket.dk/kategori/webshops/smykker-ure-accessories/ | https://www.emaerket.dk/kategori/webshops/toej-og-sko/
jcn.dk;https://jcn.dk/;Møbler & boligindretning (386);https://www.emaerket.dk/kategori/webshops/mobler-boligindretning/
jeansstore.dk;https://jeansstore.dk/;Smykker, ure & accessories (130) | Tøj & sko (188);https://www.emaerket.dk/kategori/webshops/smykker-ure-accessories/ | https://www.emaerket.dk/kategori/webshops/toej-og-sko/
jemogfix.dk;https://jemogfix.dk/;Bil cykel & transport (62) | Byggemarked & byggevarer (129) | Elektronik tele & foto (169) | Hobby, sport & fritid (281) | Hus & have (490) | Hvidevarer & VVS (75) | Møbler & boligindretning (386);https://www.emaerket.dk/kategori/webshops/bil-cykel-transport/ | https://www.emaerket.dk/kategori/webshops/byggemarked-byggevarer/ | https://www.emaerket.dk/kategori/webshops/elektronik-tele-foto/ | https://www.emaerket.dk/kategori/webshops/hobby-sport-fritid/ | https://www.emaerket.dk/kategori/webshops/hus-have/ | https://www.emaerket.dk/kategori/webshops/hvidevarer-vvs/ | https://www.emaerket.dk/kategori/webshops/mobler-boligindretning/
jemtex.dk;https://jemtex.dk/;Byggemarked & byggevarer (129) | Hus & have (490) | Møbler & boligindretning (386);https://www.emaerket.dk/kategori/webshops/byggemarked-byggevarer/ | https://www.emaerket.dk/kategori/webshops/hus-have/ | https://www.emaerket.dk/kategori/webshops/mobler-boligindretning/
jensen-company.dk;https://jensen-company.dk/;Hus & have (490) | Hvidevarer & VVS (75) | Møbler & boligindretning (386);https://www.emaerket.dk/kategori/webshops/hus-have/ | https://www.emaerket.dk/kategori/webshops/hvidevarer-vvs/ | https://www.emaerket.dk/kategori/webshops/mobler-boligindretning/
jepsenhealthcare.dk;https://jepsenhealthcare.dk/;Helse & personlig pleje (195) | Salg til virksomheder (177) | Tøj & sko (188);https://www.emaerket.dk/kategori/webshops/helse-personlig-pleje/ | https://www.emaerket.dk/kategori/webshops/salg-til-virksomheder/ | https://www.emaerket.dk/kategori/webshops/toej-og-sko/
jimahegn.dk;https://jimahegn.dk/;Byggemarked & byggevarer (129) | Dyr & deres pleje (68) | Hus & have (490) | Salg til virksomheder (177);https://www.emaerket.dk/kategori/webshops/byggemarked-byggevarer/ | https://www.emaerket.dk/kategori/webshops/dyr-deres-pleje/ | https://www.emaerket.dk/kategori/webshops/hus-have/ | https://www.emaerket.dk/kategori/webshops/salg-til-virksomheder/
jisport.dk;https://jisport.dk/;Helse & personlig pleje (195) | Hobby, sport & fritid (281) | Salg til virksomheder (177);https://www.emaerket.dk/kategori/webshops/helse-personlig-pleje/ | https://www.emaerket.dk/kategori/webshops/hobby-sport-fritid/ | https://www.emaerket.dk/kategori/webshops/salg-til-virksomheder/
jmkiil.dk;https://jmkiil.dk/;Byggemarked & byggevarer (129) | Hus & have (490);https://www.emaerket.dk/kategori/webshops/byggemarked-byggevarer/ | https://www.emaerket.dk/kategori/webshops/hus-have/
jna.dk;https://www.jna.dk/;Byggemarked & byggevarer (129) | Hus & have (490) | Møbler & boligindretning (386);https://www.emaerket.dk/kategori/webshops/byggemarked-byggevarer/ | https://www.emaerket.dk/kategori/webshops/hus-have/ | https://www.emaerket.dk/kategori/webshops/mobler-boligindretning/
jobo.dk;https://jobo.dk/;Møbler & boligindretning (386);https://www.emaerket.dk/kategori/webshops/mobler-boligindretning/
johannesfog.dk;https://www.johannesfog.dk/;Byggemarked & byggevarer (129) | Elektronik tele & foto (169) | Hus & have (490) | Hvidevarer & VVS (75) | Møbler & boligindretning (386);https://www.emaerket.dk/kategori/webshops/byggemarked-byggevarer/ | https://www.emaerket.dk/kategori/webshops/elektronik-tele-foto/ | https://www.emaerket.dk/kategori/webshops/hus-have/ | https://www.emaerket.dk/kategori/webshops/hvidevarer-vvs/ | https://www.emaerket.dk/kategori/webshops/mobler-boligindretning/
joinsavers.com;https://joinsavers.com/;Kontorartikler m.v. (67);https://www.emaerket.dk/kategori/webshops/kontorartikler-m-v/
juhlsbolighus.dk;https://juhlsbolighus.dk/;Gaveartikler & blomster (122) | Møbler & boligindretning (386);https://www.emaerket.dk/kategori/webshops/gaveartikler-blomster/ | https://www.emaerket.dk/kategori/webshops/mobler-boligindretning/
juniorgrej.dk;https://juniorgrej.dk/;Babytøj, børnetøj & ting til børn (123) | Hobby, sport & fritid (281);https://www.emaerket.dk/kategori/webshops/babytoj-bornetoj-ting-til-born/ | https://www.emaerket.dk/kategori/webshops/hobby-sport-fritid/
jupiter.dk;https://jupiter.dk/;Bil cykel & transport (62);https://www.emaerket.dk/kategori/webshops/bil-cykel-transport/
just-kids.dk;https://just-kids.dk/;Babytøj, børnetøj & ting til børn (123) | Tøj & sko (188);https://www.emaerket.dk/kategori/webshops/babytoj-bornetoj-ting-til-born/ | https://www.emaerket.dk/kategori/webshops/toej-og-sko/
justdoors.dk;https://justdoors.dk/;Byggemarked & byggevarer (129);https://www.emaerket.dk/kategori/webshops/byggemarked-byggevarer/
justmore.dk;https://justmore.dk/;Elektronik tele & foto (169) | Kontorartikler m.v. (67);https://www.emaerket.dk/kategori/webshops/elektronik-tele-foto/ | https://www.emaerket.dk/kategori/webshops/kontorartikler-m-v/
justos.dk;https://justos.dk/;Tøj & sko (188);https://www.emaerket.dk/kategori/webshops/toej-og-sko/
juuls.dk;https://juuls.dk/;Mad, vin & dagligvarer (86);https://www.emaerket.dk/kategori/webshops/mad-vin-dagligvarer/
jyderup-smykker-ure.dk;https://jyderup-smykker-ure.dk/;Smykker, ure & accessories (130);https://www.emaerket.dk/kategori/webshops/smykker-ure-accessories/
jysk.dk;https://jysk.dk/;Hus & have (490) | Møbler & boligindretning (386);https://www.emaerket.dk/kategori/webshops/hus-have/ | https://www.emaerket.dk/kategori/webshops/mobler-boligindretning/
jyskmobelfabrik.dk;https://jyskmobelfabrik.dk/;Møbler & boligindretning (386) | Salg til virksomheder (177);https://www.emaerket.dk/kategori/webshops/mobler-boligindretning/ | https://www.emaerket.dk/kategori/webshops/salg-til-virksomheder/
jysknaturkoed.dk;https://jysknaturkoed.dk/;Mad, vin & dagligvarer (86);https://www.emaerket.dk/kategori/webshops/mad-vin-dagligvarer/
kaereboern.dk;https://kaereboern.dk/;Babytøj, børnetøj & ting til børn (123) | Tøj & sko (188);https://www.emaerket.dk/kategori/webshops/babytoj-bornetoj-ting-til-born/ | https://www.emaerket.dk/kategori/webshops/toej-og-sko/
kaffekompagniet.com;https://kaffekompagniet.com/;Mad, vin & dagligvarer (86);https://www.emaerket.dk/kategori/webshops/mad-vin-dagligvarer/
kai-berntsen.dk;https://kai-berntsen.dk/;Hus & have (490) | Hvidevarer & VVS (75) | Møbler & boligindretning (386);https://www.emaerket.dk/kategori/webshops/hus-have/ | https://www.emaerket.dk/kategori/webshops/hvidevarer-vvs/ | https://www.emaerket.dk/kategori/webshops/mobler-boligindretning/
kaiku.dk;https://kaiku.dk/;Gaveartikler & blomster (122) | Hus & have (490) | Møbler & boligindretning (386) | Smykker, ure & accessories (130) | Tøj & sko (188);https://www.emaerket.dk/kategori/webshops/gaveartikler-blomster/ | https://www.emaerket.dk/kategori/webshops/hus-have/ | https://www.emaerket.dk/kategori/webshops/mobler-boligindretning/ | https://www.emaerket.dk/kategori/webshops/smykker-ure-accessories/ | https://www.emaerket.dk/kategori/webshops/toej-og-sko/
kaiten.dk;https://kaiten.dk/;Hobby, sport & fritid (281) | Tøj & sko (188);https://www.emaerket.dk/kategori/webshops/hobby-sport-fritid/ | https://www.emaerket.dk/kategori/webshops/toej-og-sko/
kajakcentrum.dk;https://kajakcentrum.dk/;Hobby, sport & fritid (281);https://www.emaerket.dk/kategori/webshops/hobby-sport-fritid/
kajakforalle.dk;https://kajakforalle.dk/;Hobby, sport & fritid (281);https://www.emaerket.dk/kategori/webshops/hobby-sport-fritid/
kajakhotellet.dk;https://kajakhotellet.dk/;Hobby, sport & fritid (281) | Oplevelser & underholdning (21) | Uddannelse & kurser (17);https://www.emaerket.dk/kategori/webshops/hobby-sport-fritid/ | https://www.emaerket.dk/kategori/webshops/oplevelser-underholdning/ | https://www.emaerket.dk/kategori/webshops/uddannelse-kurser/
kalagerdesign.dk;https://kalagerdesign.dk/;Hus & have (490) | Møbler & boligindretning (386) | Salg til virksomheder (177);https://www.emaerket.dk/kategori/webshops/hus-have/ | https://www.emaerket.dk/kategori/webshops/mobler-boligindretning/ | https://www.emaerket.dk/kategori/webshops/salg-til-virksomheder/
kalkeksperten.dk;https://kalkeksperten.dk/;Hvidevarer & VVS (75);https://www.emaerket.dk/kategori/webshops/hvidevarer-vvs/
kalundborg-skov-park-have.dk;https://kalundborg-skov-park-have.dk/;Hus & have (490);https://www.emaerket.dk/kategori/webshops/hus-have/
kanstruphvidevarer.dk;https://kanstruphvidevarer.dk/;Elektronik tele & foto (169) | Hvidevarer & VVS (75);https://www.emaerket.dk/kategori/webshops/elektronik-tele-foto/ | https://www.emaerket.dk/kategori/webshops/hvidevarer-vvs/
karamelleriet.dk;https://karamelleriet.dk/;Gaveartikler & blomster (122) | Mad, vin & dagligvarer (86) | Oplevelser & underholdning (21) | Salg til virksomheder (177);https://www.emaerket.dk/kategori/webshops/gaveartikler-blomster/ | https://www.emaerket.dk/kategori/webshops/mad-vin-dagligvarer/ | https://www.emaerket.dk/kategori/webshops/oplevelser-underholdning/ | https://www.emaerket.dk/kategori/webshops/salg-til-virksomheder/
karlskicks.dk;https://www.karlskicks.dk/;Tøj & sko (188);https://www.emaerket.dk/kategori/webshops/toej-og-sko/
kaufmann.dk;https://kaufmann.dk/;Smykker, ure & accessories (130) | Tøj & sko (188);https://www.emaerket.dk/kategori/webshops/smykker-ure-accessories/ | https://www.emaerket.dk/kategori/webshops/toej-og-sko/
kbh-kollegier.dk;https://kbh-kollegier.dk/;Hus & have (490);https://www.emaerket.dk/kategori/webshops/hus-have/
kelds-funfood.dk;https://kelds-funfood.dk/;Mad, vin & dagligvarer (86);https://www.emaerket.dk/kategori/webshops/mad-vin-dagligvarer/
ketcher-sport.dk;https://ketcher-sport.dk/;Hobby, sport & fritid (281);https://www.emaerket.dk/kategori/webshops/hobby-sport-fritid/
kids-world.dk;https://www.kids-world.dk/;Babytøj, børnetøj & ting til børn (123) | Tøj & sko (188);https://www.emaerket.dk/kategori/webshops/babytoj-bornetoj-ting-til-born/ | https://www.emaerket.dk/kategori/webshops/toej-og-sko/
kikkert-shoppen.dk;https://kikkert-shoppen.dk/;Hobby, sport & fritid (281);https://www.emaerket.dk/kategori/webshops/hobby-sport-fritid/
kilands.dk;https://kilands.dk/;Hus & have (490);https://www.emaerket.dk/kategori/webshops/hus-have/
kilden-massagebrikse.dk;https://kilden-massagebrikse.dk/;Helse & personlig pleje (195) | Salg til virksomheder (177);https://www.emaerket.dk/kategori/webshops/helse-personlig-pleje/ | https://www.emaerket.dk/kategori/webshops/salg-til-virksomheder/
kitchenlivingdining.com;https://kitchenlivingdining.com/;Møbler & boligindretning (386);https://www.emaerket.dk/kategori/webshops/mobler-boligindretning/
kitchenone.dk;https://kitchenone.dk/;Hus & have (490) | Møbler & boligindretning (386);https://www.emaerket.dk/kategori/webshops/hus-have/ | https://www.emaerket.dk/kategori/webshops/mobler-boligindretning/
kitchentech.dk;https://www.kitchentech.dk/;Elektronik tele & foto (169) | Hus & have (490) | Mad, vin & dagligvarer (86);https://www.emaerket.dk/kategori/webshops/elektronik-tele-foto/ | https://www.emaerket.dk/kategori/webshops/hus-have/ | https://www.emaerket.dk/kategori/webshops/mad-vin-dagligvarer/
kjf.dk;https://kjf.dk/;Hobby, sport & fritid (281);https://www.emaerket.dk/kategori/webshops/hobby-sport-fritid/
klarskov.dk;https://www.klarskov.dk/;Møbler & boligindretning (386);https://www.emaerket.dk/kategori/webshops/mobler-boligindretning/
klartilfest.dk;https://klartilfest.dk/;Hobby, sport & fritid (281);https://www.emaerket.dk/kategori/webshops/hobby-sport-fritid/
klarvinduer.dk;https://klarvinduer.dk/;Hus & have (490);https://www.emaerket.dk/kategori/webshops/hus-have/
klassik.dk;https://klassik.dk/;Kunst (34) | Møbler & boligindretning (386);https://www.emaerket.dk/kategori/webshops/kunst/ | https://www.emaerket.dk/kategori/webshops/mobler-boligindretning/
klassiskguld.dk;https://klassiskguld.dk/;Smykker, ure & accessories (130);https://www.emaerket.dk/kategori/webshops/smykker-ure-accessories/
knittingforolive.dk;https://knittingforolive.dk/;Hobby, sport & fritid (281) | Tøj & sko (188);https://www.emaerket.dk/kategori/webshops/hobby-sport-fritid/ | https://www.emaerket.dk/kategori/webshops/toej-og-sko/
koebogspar.dk;https://koebogspar.dk/;Dyr & deres pleje (68) | Helse & personlig pleje (195) | Hus & have (490);https://www.emaerket.dk/kategori/webshops/dyr-deres-pleje/ | https://www.emaerket.dk/kategori/webshops/helse-personlig-pleje/ | https://www.emaerket.dk/kategori/webshops/hus-have/
koedhuset.dk;https://koedhuset.dk/;Mad, vin & dagligvarer (86);https://www.emaerket.dk/kategori/webshops/mad-vin-dagligvarer/
koekkenforhandler.dk;https://koekkenforhandler.dk/;Hus & have (490) | Hvidevarer & VVS (75) | Møbler & boligindretning (386);https://www.emaerket.dk/kategori/webshops/hus-have/ | https://www.emaerket.dk/kategori/webshops/hvidevarer-vvs/ | https://www.emaerket.dk/kategori/webshops/mobler-boligindretning/
koekkenfornyelse.dk;https://koekkenfornyelse.dk/;Byggemarked & byggevarer (129) | Hus & have (490) | Hvidevarer & VVS (75) | Møbler & boligindretning (386);https://www.emaerket.dk/kategori/webshops/byggemarked-byggevarer/ | https://www.emaerket.dk/kategori/webshops/hus-have/ | https://www.emaerket.dk/kategori/webshops/hvidevarer-vvs/ | https://www.emaerket.dk/kategori/webshops/mobler-boligindretning/
koekkennetto.dk;https://koekkennetto.dk/;Hus & have (490) | Hvidevarer & VVS (75);https://www.emaerket.dk/kategori/webshops/hus-have/ | https://www.emaerket.dk/kategori/webshops/hvidevarer-vvs/
koimad.dk;https://www.koimad.dk/;Dyr & deres pleje (68) | Hobby, sport & fritid (281) | Hus & have (490);https://www.emaerket.dk/kategori/webshops/dyr-deres-pleje/ | https://www.emaerket.dk/kategori/webshops/hobby-sport-fritid/ | https://www.emaerket.dk/kategori/webshops/hus-have/
kollund.dk;https://kollund.dk/;Møbler & boligindretning (386);https://www.emaerket.dk/kategori/webshops/mobler-boligindretning/
kompat.dk;https://kompat.dk/;Elektronik tele & foto (169) | Kontorartikler m.v. (67);https://www.emaerket.dk/kategori/webshops/elektronik-tele-foto/ | https://www.emaerket.dk/kategori/webshops/kontorartikler-m-v/
komplett.dk;https://www.komplett.dk/;Elektronik tele & foto (169) | Helse & personlig pleje (195) | Hobby, sport & fritid (281) | Hus & have (490) | Møbler & boligindretning (386) | Salg til virksomheder (177);https://www.emaerket.dk/kategori/webshops/elektronik-tele-foto/ | https://www.emaerket.dk/kategori/webshops/helse-personlig-pleje/ | https://www.emaerket.dk/kategori/webshops/hobby-sport-fritid/ | https://www.emaerket.dk/kategori/webshops/hus-have/ | https://www.emaerket.dk/kategori/webshops/mobler-boligindretning/ | https://www.emaerket.dk/kategori/webshops/salg-til-virksomheder/
kompositterrasse.dk;https://kompositterrasse.dk/;Byggemarked & byggevarer (129) | Hus & have (490);https://www.emaerket.dk/kategori/webshops/byggemarked-byggevarer/ | https://www.emaerket.dk/kategori/webshops/hus-have/
kondomland.dk;https://kondomland.dk/;Dating & erotik (12);https://www.emaerket.dk/kategori/webshops/dating-og-erotik/
konradshop.dk;https://konradshop.dk/;Tøj & sko (188);https://www.emaerket.dk/kategori/webshops/toej-og-sko/
kontorskilte.com;https://www.kontorskilte.com/;Kontorartikler m.v. (67) | Salg til virksomheder (177);https://www.emaerket.dk/kategori/webshops/kontorartikler-m-v/ | https://www.emaerket.dk/kategori/webshops/salg-til-virksomheder/
kontorstole.dk;https://www.kontorstole.dk/;Hus & have (490) | Kontorartikler m.v. (67) | Møbler & boligindretning (386);https://www.emaerket.dk/kategori/webshops/hus-have/ | https://www.emaerket.dk/kategori/webshops/kontorartikler-m-v/ | https://www.emaerket.dk/kategori/webshops/mobler-boligindretning/
kop-kande.dk;https://kop-kande.dk/;Helse & personlig pleje (195) | Hus & have (490) | Møbler & boligindretning (386);https://www.emaerket.dk/kategori/webshops/helse-personlig-pleje/ | https://www.emaerket.dk/kategori/webshops/hus-have/ | https://www.emaerket.dk/kategori/webshops/mobler-boligindretning/
kropogkrystaller.dk;https://kropogkrystaller.dk/;Dating & erotik (12) | Gaveartikler & blomster (122) | Helse & personlig pleje (195) | Kunst (34) | Møbler & boligindretning (386) | Smykker, ure & accessories (130);https://www.emaerket.dk/kategori/webshops/dating-og-erotik/ | https://www.emaerket.dk/kategori/webshops/gaveartikler-blomster/ | https://www.emaerket.dk/kategori/webshops/helse-personlig-pleje/ | https://www.emaerket.dk/kategori/webshops/kunst/ | https://www.emaerket.dk/kategori/webshops/mobler-boligindretning/ | https://www.emaerket.dk/kategori/webshops/smykker-ure-accessories/
krudtteltet.dk;https://krudtteltet.dk/;Oplevelser & underholdning (21);https://www.emaerket.dk/kategori/webshops/oplevelser-underholdning/
krukkeshop.dk;https://krukkeshop.dk/;Gaveartikler & blomster (122) | Hus & have (490) | Møbler & boligindretning (386);https://www.emaerket.dk/kategori/webshops/gaveartikler-blomster/ | https://www.emaerket.dk/kategori/webshops/hus-have/ | https://www.emaerket.dk/kategori/webshops/mobler-boligindretning/
krystalaesken.dk;https://krystalaesken.dk/;Helse & personlig pleje (195) | Kunst (34) | Smykker, ure & accessories (130);https://www.emaerket.dk/kategori/webshops/helse-personlig-pleje/ | https://www.emaerket.dk/kategori/webshops/kunst/ | https://www.emaerket.dk/kategori/webshops/smykker-ure-accessories/
kudosgames.dk;https://kudosgames.dk/;Hobby, sport & fritid (281);https://www.emaerket.dk/kategori/webshops/hobby-sport-fritid/
kukhuset.dk;https://kukhuset.dk/;Gaveartikler & blomster (122) | Hobby, sport & fritid (281) | Hus & have (490) | Møbler & boligindretning (386) | Smykker, ure & accessories (130);https://www.emaerket.dk/kategori/webshops/gaveartikler-blomster/ | https://www.emaerket.dk/kategori/webshops/hobby-sport-fritid/ | https://www.emaerket.dk/kategori/webshops/hus-have/ | https://www.emaerket.dk/kategori/webshops/mobler-boligindretning/ | https://www.emaerket.dk/kategori/webshops/smykker-ure-accessories/
kulvand.dk;https://kulvand.dk/;Helse & personlig pleje (195);https://www.emaerket.dk/kategori/webshops/helse-personlig-pleje/
kunstnershoppen.dk;https://kunstnershoppen.dk/;Hobby, sport & fritid (281);https://www.emaerket.dk/kategori/webshops/hobby-sport-fritid/
kunstogkokkentoj.dk;https://www.kunstogkokkentoj.dk/;Hobby, sport & fritid (281) | Hus & have (490) | Møbler & boligindretning (386) | Salg til virksomheder (177);https://www.emaerket.dk/kategori/webshops/hobby-sport-fritid/ | https://www.emaerket.dk/kategori/webshops/hus-have/ | https://www.emaerket.dk/kategori/webshops/mobler-boligindretning/ | https://www.emaerket.dk/kategori/webshops/salg-til-virksomheder/
kvali.dk;https://kvali.dk/;Byggemarked & byggevarer (129) | Hobby, sport & fritid (281) | Hus & have (490) | Kunst (34) | Møbler & boligindretning (386);https://www.emaerket.dk/kategori/webshops/byggemarked-byggevarer/ | https://www.emaerket.dk/kategori/webshops/hobby-sport-fritid/ | https://www.emaerket.dk/kategori/webshops/hus-have/ | https://www.emaerket.dk/kategori/webshops/kunst/ | https://www.emaerket.dk/kategori/webshops/mobler-boligindretning/
køgebrændesalg.dk;https://køgebrændesalg.dk/;Hus & have (490) | Møbler & boligindretning (386);https://www.emaerket.dk/kategori/webshops/hus-have/ | https://www.emaerket.dk/kategori/webshops/mobler-boligindretning/
ladcyklen.dk;https://ladcyklen.dk/;Bil cykel & transport (62);https://www.emaerket.dk/kategori/webshops/bil-cykel-transport/
lagersport.dk;https://lagersport.dk/;Hobby, sport & fritid (281);https://www.emaerket.dk/kategori/webshops/hobby-sport-fritid/
laguiole.dk;https://laguiole.dk/;Hus & have (490) | Møbler & boligindretning (386);https://www.emaerket.dk/kategori/webshops/hus-have/ | https://www.emaerket.dk/kategori/webshops/mobler-boligindretning/
lamberth.dk;https://lamberth.dk/;Bøger, cd'er, film & brætspil (41) | Salg til virksomheder (177);https://www.emaerket.dk/kategori/webshops/boeger-cder-film-braetspil/ | https://www.emaerket.dk/kategori/webshops/salg-til-virksomheder/
lampegiganten.dk;https://lampegiganten.dk/;Hus & have (490) | Møbler & boligindretning (386);https://www.emaerket.dk/kategori/webshops/hus-have/ | https://www.emaerket.dk/kategori/webshops/mobler-boligindretning/
lampeguru.dk;https://lampeguru.dk/;Hus & have (490) | Møbler & boligindretning (386);https://www.emaerket.dk/kategori/webshops/hus-have/ | https://www.emaerket.dk/kategori/webshops/mobler-boligindretning/
lampemesteren.dk;https://www.lampemesteren.dk/;Hus & have (490) | Møbler & boligindretning (386);https://www.emaerket.dk/kategori/webshops/hus-have/ | https://www.emaerket.dk/kategori/webshops/mobler-boligindretning/
lamper.dk;https://lamper.dk/;Hus & have (490) | Møbler & boligindretning (386);https://www.emaerket.dk/kategori/webshops/hus-have/ | https://www.emaerket.dk/kategori/webshops/mobler-boligindretning/
lamper4u.dk;https://lamper4u.dk/;Hus & have (490) | Møbler & boligindretning (386);https://www.emaerket.dk/kategori/webshops/hus-have/ | https://www.emaerket.dk/kategori/webshops/mobler-boligindretning/
lampeshop.dk;https://lampeshop.dk/;Hus & have (490) | Møbler & boligindretning (386);https://www.emaerket.dk/kategori/webshops/hus-have/ | https://www.emaerket.dk/kategori/webshops/mobler-boligindretning/
lampestedet.dk;https://lampestedet.dk/;Hus & have (490) | Møbler & boligindretning (386);https://www.emaerket.dk/kategori/webshops/hus-have/ | https://www.emaerket.dk/kategori/webshops/mobler-boligindretning/
landhave.dk;https://www.landhave.dk/;Hus & have (490);https://www.emaerket.dk/kategori/webshops/hus-have/
landogfritid.dk;https://www.landogfritid.dk/;Dyr & deres pleje (68) | Hus & have (490);https://www.emaerket.dk/kategori/webshops/dyr-deres-pleje/ | https://www.emaerket.dk/kategori/webshops/hus-have/
laptops.dk;https://laptops.dk/;Elektronik tele & foto (169);https://www.emaerket.dk/kategori/webshops/elektronik-tele-foto/
laserfoto.dk;https://laserfoto.dk/;Møbler & boligindretning (386);https://www.emaerket.dk/kategori/webshops/mobler-boligindretning/
lavprisel.dk;https://lavprisel.dk/;Elektronik tele & foto (169) | Hus & have (490);https://www.emaerket.dk/kategori/webshops/elektronik-tele-foto/ | https://www.emaerket.dk/kategori/webshops/hus-have/
lavprisolie.dk;https://lavprisolie.dk/;Økonomi, banker & forsikringer (6);https://www.emaerket.dk/kategori/webshops/okonomi-banker-forsikringer/
lavprisvaerktoej.dk;https://lavprisvaerktoej.dk/;Hus & have (490);https://www.emaerket.dk/kategori/webshops/hus-have/
lavprisvvs.dk;https://lavprisvvs.dk/;Hus & have (490) | Hvidevarer & VVS (75) | Møbler & boligindretning (386);https://www.emaerket.dk/kategori/webshops/hus-have/ | https://www.emaerket.dk/kategori/webshops/hvidevarer-vvs/ | https://www.emaerket.dk/kategori/webshops/mobler-boligindretning/
laybourn-design.dk;https://laybourn-design.dk/;Gaveartikler & blomster (122) | Hus & have (490);https://www.emaerket.dk/kategori/webshops/gaveartikler-blomster/ | https://www.emaerket.dk/kategori/webshops/hus-have/
lbjdanmark.dk;https://lbjdanmark.dk/;Hus & have (490) | Kunst (34) | Møbler & boligindretning (386);https://www.emaerket.dk/kategori/webshops/hus-have/ | https://www.emaerket.dk/kategori/webshops/kunst/ | https://www.emaerket.dk/kategori/webshops/mobler-boligindretning/
leaderswarehouse.com;https://leaderswarehouse.com/;Bøger, cd'er, film & brætspil (41) | Salg til virksomheder (177) | Uddannelse & kurser (17);https://www.emaerket.dk/kategori/webshops/boeger-cder-film-braetspil/ | https://www.emaerket.dk/kategori/webshops/salg-til-virksomheder/ | https://www.emaerket.dk/kategori/webshops/uddannelse-kurser/
ledpaerer.dk;https://ledpaerer.dk/;Hus & have (490) | Møbler & boligindretning (386);https://www.emaerket.dk/kategori/webshops/hus-have/ | https://www.emaerket.dk/kategori/webshops/mobler-boligindretning/
ledproff.dk;https://ledproff.dk/;Elektronik tele & foto (169) | Hobby, sport & fritid (281) | Hus & have (490) | Møbler & boligindretning (386);https://www.emaerket.dk/kategori/webshops/elektronik-tele-foto/ | https://www.emaerket.dk/kategori/webshops/hobby-sport-fritid/ | https://www.emaerket.dk/kategori/webshops/hus-have/ | https://www.emaerket.dk/kategori/webshops/mobler-boligindretning/
legeakademiet.dk;https://legeakademiet.dk/;Babytøj, børnetøj & ting til børn (123);https://www.emaerket.dk/kategori/webshops/babytoj-bornetoj-ting-til-born/
legebiksen.dk;https://legebiksen.dk/;Babytøj, børnetøj & ting til børn (123);https://www.emaerket.dk/kategori/webshops/babytoj-bornetoj-ting-til-born/
legebutikken.dk;https://legebutikken.dk/;Babytøj, børnetøj & ting til børn (123);https://www.emaerket.dk/kategori/webshops/babytoj-bornetoj-ting-til-born/
legebyen.dk;https://www.legebyen.dk/;Babytøj, børnetøj & ting til børn (123);https://www.emaerket.dk/kategori/webshops/babytoj-bornetoj-ting-til-born/
legehjulet.dk;https://legehjulet.dk/;Babytøj, børnetøj & ting til børn (123) | Hobby, sport & fritid (281) | Salg til virksomheder (177);https://www.emaerket.dk/kategori/webshops/babytoj-bornetoj-ting-til-born/ | https://www.emaerket.dk/kategori/webshops/hobby-sport-fritid/ | https://www.emaerket.dk/kategori/webshops/salg-til-virksomheder/
legehus.dk;https://legehus.dk/;Babytøj, børnetøj & ting til børn (123) | Hus & have (490);https://www.emaerket.dk/kategori/webshops/babytoj-bornetoj-ting-til-born/ | https://www.emaerket.dk/kategori/webshops/hus-have/
legekaeden.dk;https://legekaeden.dk/;Babytøj, børnetøj & ting til børn (123);https://www.emaerket.dk/kategori/webshops/babytoj-bornetoj-ting-til-born/
legeklodser.dk;https://legeklodser.dk/;Babytøj, børnetøj & ting til børn (123);https://www.emaerket.dk/kategori/webshops/babytoj-bornetoj-ting-til-born/
legeland.dk;https://legeland.dk/;Bøger, cd'er, film & brætspil (41) | Hobby, sport & fritid (281);https://www.emaerket.dk/kategori/webshops/boeger-cder-film-braetspil/ | https://www.emaerket.dk/kategori/webshops/hobby-sport-fritid/
leglove.dk;https://www.leglove.dk/;Babytøj, børnetøj & ting til børn (123) | Salg til virksomheder (177) | Tøj & sko (188);https://www.emaerket.dk/kategori/webshops/babytoj-bornetoj-ting-til-born/ | https://www.emaerket.dk/kategori/webshops/salg-til-virksomheder/ | https://www.emaerket.dk/kategori/webshops/toej-og-sko/
leifheit.dk;https://leifheit.dk/;Hus & have (490) | Hvidevarer & VVS (75) | Møbler & boligindretning (386);https://www.emaerket.dk/kategori/webshops/hus-have/ | https://www.emaerket.dk/kategori/webshops/hvidevarer-vvs/ | https://www.emaerket.dk/kategori/webshops/mobler-boligindretning/
leisner.dk;https://leisner.dk/;Babytøj, børnetøj & ting til børn (123) | Helse & personlig pleje (195) | Smykker, ure & accessories (130);https://www.emaerket.dk/kategori/webshops/babytoj-bornetoj-ting-til-born/ | https://www.emaerket.dk/kategori/webshops/helse-personlig-pleje/ | https://www.emaerket.dk/kategori/webshops/smykker-ure-accessories/
leklint.dk;https://leklint.dk/;Møbler & boligindretning (386);https://www.emaerket.dk/kategori/webshops/mobler-boligindretning/
lena-s.dk;https://lena-s.dk/;Tøj & sko (188);https://www.emaerket.dk/kategori/webshops/toej-og-sko/
leveso.dk;https://leveso.dk/;Elektronik tele & foto (169) | Hobby, sport & fritid (281);https://www.emaerket.dk/kategori/webshops/elektronik-tele-foto/ | https://www.emaerket.dk/kategori/webshops/hobby-sport-fritid/
lgwhisky.dk;https://lgwhisky.dk/;Mad, vin & dagligvarer (86);https://www.emaerket.dk/kategori/webshops/mad-vin-dagligvarer/
lidodesign.dk;https://lidodesign.dk/;Helse & personlig pleje (195) | Tøj & sko (188);https://www.emaerket.dk/kategori/webshops/helse-personlig-pleje/ | https://www.emaerket.dk/kategori/webshops/toej-og-sko/
liestmanns.dk;https://liestmanns.dk/;Hobby, sport & fritid (281) | Tøj & sko (188);https://www.emaerket.dk/kategori/webshops/hobby-sport-fritid/ | https://www.emaerket.dk/kategori/webshops/toej-og-sko/
likehome.dk;https://likehome.dk/;Hus & have (490) | Kontorartikler m.v. (67) | Møbler & boligindretning (386) | Salg til virksomheder (177);https://www.emaerket.dk/kategori/webshops/hus-have/ | https://www.emaerket.dk/kategori/webshops/kontorartikler-m-v/ | https://www.emaerket.dk/kategori/webshops/mobler-boligindretning/ | https://www.emaerket.dk/kategori/webshops/salg-til-virksomheder/
lille-per-seng.dk;https://lille-per-seng.dk/;Babytøj, børnetøj & ting til børn (123) | Møbler & boligindretning (386);https://www.emaerket.dk/kategori/webshops/babytoj-bornetoj-ting-til-born/ | https://www.emaerket.dk/kategori/webshops/mobler-boligindretning/
linaa.dk;https://www.linaa.dk/;Byggemarked & byggevarer (129) | Hobby, sport & fritid (281) | Hus & have (490);https://www.emaerket.dk/kategori/webshops/byggemarked-byggevarer/ | https://www.emaerket.dk/kategori/webshops/hobby-sport-fritid/ | https://www.emaerket.dk/kategori/webshops/hus-have/
lindbergsport.dk;https://lindbergsport.dk/;Bil cykel & transport (62) | Hobby, sport & fritid (281);https://www.emaerket.dk/kategori/webshops/bil-cykel-transport/ | https://www.emaerket.dk/kategori/webshops/hobby-sport-fritid/
lindvedel.dk;https://lindvedel.dk/;Hus & have (490) | Hvidevarer & VVS (75) | Møbler & boligindretning (386);https://www.emaerket.dk/kategori/webshops/hus-have/ | https://www.emaerket.dk/kategori/webshops/hvidevarer-vvs/ | https://www.emaerket.dk/kategori/webshops/mobler-boligindretning/
liniedesign.com;https://liniedesign.com/;Møbler & boligindretning (386);https://www.emaerket.dk/kategori/webshops/mobler-boligindretning/
lirumlarumleg.dk;https://lirumlarumleg.dk/;Babytøj, børnetøj & ting til børn (123);https://www.emaerket.dk/kategori/webshops/babytoj-bornetoj-ting-til-born/
lite-house.dk;https://lite-house.dk/;Hus & have (490) | Møbler & boligindretning (386);https://www.emaerket.dk/kategori/webshops/hus-have/ | https://www.emaerket.dk/kategori/webshops/mobler-boligindretning/
littledeluxe.dk;https://littledeluxe.dk/;Babytøj, børnetøj & ting til børn (123);https://www.emaerket.dk/kategori/webshops/babytoj-bornetoj-ting-til-born/
livingoodies.dk;https://livingoodies.dk/;Hus & have (490) | Møbler & boligindretning (386);https://www.emaerket.dk/kategori/webshops/hus-have/ | https://www.emaerket.dk/kategori/webshops/mobler-boligindretning/
livingshop.dk;https://livingshop.dk/;Babytøj, børnetøj & ting til børn (123) | Hus & have (490) | Møbler & boligindretning (386) | Smykker, ure & accessories (130);https://www.emaerket.dk/kategori/webshops/babytoj-bornetoj-ting-til-born/ | https://www.emaerket.dk/kategori/webshops/hus-have/ | https://www.emaerket.dk/kategori/webshops/mobler-boligindretning/ | https://www.emaerket.dk/kategori/webshops/smykker-ure-accessories/
loadedshop.net;https://loadedshop.net/;Helse & personlig pleje (195) | Hobby, sport & fritid (281);https://www.emaerket.dk/kategori/webshops/helse-personlig-pleje/ | https://www.emaerket.dk/kategori/webshops/hobby-sport-fritid/
localliving.dk;https://localliving.dk/;Ferie & rejse (33);https://www.emaerket.dk/kategori/webshops/ferie-rejse/
loebeshop.dk;https://loebeshop.dk/;Hobby, sport & fritid (281);https://www.emaerket.dk/kategori/webshops/hobby-sport-fritid/
lollyslaundry.com;https://lollyslaundry.com/;Tøj & sko (188);https://www.emaerket.dk/kategori/webshops/toej-og-sko/
loow.com;https://www.loow.com/;Tøj & sko (188);https://www.emaerket.dk/kategori/webshops/toej-og-sko/
louispoulsen.com;https://louispoulsen.com/;Hus & have (490) | Møbler & boligindretning (386);https://www.emaerket.dk/kategori/webshops/hus-have/ | https://www.emaerket.dk/kategori/webshops/mobler-boligindretning/
love-lingeri.dk;https://love-lingeri.dk/;Smykker, ure & accessories (130) | Tøj & sko (188);https://www.emaerket.dk/kategori/webshops/smykker-ure-accessories/ | https://www.emaerket.dk/kategori/webshops/toej-og-sko/
lrparts.dk;https://lrparts.dk/;Bil cykel & transport (62) | Salg til virksomheder (177);https://www.emaerket.dk/kategori/webshops/bil-cykel-transport/ | https://www.emaerket.dk/kategori/webshops/salg-til-virksomheder/
luksusbaby.dk;https://luksusbaby.dk/;Babytøj, børnetøj & ting til børn (123);https://www.emaerket.dk/kategori/webshops/babytoj-bornetoj-ting-til-born/
luksushund.dk;https://www.luksushund.dk/;Dyr & deres pleje (68);https://www.emaerket.dk/kategori/webshops/dyr-deres-pleje/
lumulu.dk;https://lumulu.dk/;Babytøj, børnetøj & ting til børn (123) | Elektronik tele & foto (169) | Hus & have (490);https://www.emaerket.dk/kategori/webshops/babytoj-bornetoj-ting-til-born/ | https://www.emaerket.dk/kategori/webshops/elektronik-tele-foto/ | https://www.emaerket.dk/kategori/webshops/hus-have/
lunaslullaby.dk;https://lunaslullaby.dk/;Babytøj, børnetøj & ting til børn (123);https://www.emaerket.dk/kategori/webshops/babytoj-bornetoj-ting-til-born/
luvoring.dk;https://luvoring.dk/;Elektronik tele & foto (169) | Helse & personlig pleje (195) | Smykker, ure & accessories (130);https://www.emaerket.dk/kategori/webshops/elektronik-tele-foto/ | https://www.emaerket.dk/kategori/webshops/helse-personlig-pleje/ | https://www.emaerket.dk/kategori/webshops/smykker-ure-accessories/
lux-case.dk;https://lux-case.dk/;Elektronik tele & foto (169);https://www.emaerket.dk/kategori/webshops/elektronik-tele-foto/
luxoliving.dk;https://luxoliving.dk/;Hus & have (490) | Møbler & boligindretning (386);https://www.emaerket.dk/kategori/webshops/hus-have/ | https://www.emaerket.dk/kategori/webshops/mobler-boligindretning/
lydportalen.dk;https://lydportalen.dk/;Elektronik tele & foto (169);https://www.emaerket.dk/kategori/webshops/elektronik-tele-foto/
lydspecialisten.dk;https://lydspecialisten.dk/;Elektronik tele & foto (169) | Musik & udstyr (20);https://www.emaerket.dk/kategori/webshops/elektronik-tele-foto/ | https://www.emaerket.dk/kategori/webshops/musik-udstyr/
lykkebylykke.dk;https://lykkebylykke.dk/;Tøj & sko (188);https://www.emaerket.dk/kategori/webshops/toej-og-sko/
lykkesholm.nu;https://lykkesholm.nu/;Gaveartikler & blomster (122) | Hus & have (490) | Mad, vin & dagligvarer (86) | Møbler & boligindretning (386);https://www.emaerket.dk/kategori/webshops/gaveartikler-blomster/ | https://www.emaerket.dk/kategori/webshops/hus-have/ | https://www.emaerket.dk/kategori/webshops/mad-vin-dagligvarer/ | https://www.emaerket.dk/kategori/webshops/mobler-boligindretning/
lyngbyglasshop.com;https://lyngbyglasshop.com/;Gaveartikler & blomster (122) | Hus & have (490) | Møbler & boligindretning (386);https://www.emaerket.dk/kategori/webshops/gaveartikler-blomster/ | https://www.emaerket.dk/kategori/webshops/hus-have/ | https://www.emaerket.dk/kategori/webshops/mobler-boligindretning/
lyngeshop.dk;https://lyngeshop.dk/;Hus & have (490) | Møbler & boligindretning (386);https://www.emaerket.dk/kategori/webshops/hus-have/ | https://www.emaerket.dk/kategori/webshops/mobler-boligindretning/
lys-kilden.dk;https://lys-kilden.dk/;Hus & have (490) | Møbler & boligindretning (386);https://www.emaerket.dk/kategori/webshops/hus-have/ | https://www.emaerket.dk/kategori/webshops/mobler-boligindretning/
lysexperten.dk;https://lysexperten.dk/;Hus & have (490);https://www.emaerket.dk/kategori/webshops/hus-have/
lysmesteren.dk;https://lysmesteren.dk/;Hus & have (490) | Møbler & boligindretning (386);https://www.emaerket.dk/kategori/webshops/hus-have/ | https://www.emaerket.dk/kategori/webshops/mobler-boligindretning/
lysterapi.dk;https://lysterapi.dk/;Helse & personlig pleje (195);https://www.emaerket.dk/kategori/webshops/helse-personlig-pleje/
lystfisk.dk;https://lystfisk.dk/;Hobby, sport & fritid (281) | Tøj & sko (188);https://www.emaerket.dk/kategori/webshops/hobby-sport-fritid/ | https://www.emaerket.dk/kategori/webshops/toej-og-sko/
lystfiskeren.dk;https://lystfiskeren.dk/;Hobby, sport & fritid (281);https://www.emaerket.dk/kategori/webshops/hobby-sport-fritid/
maak-shop.dk;https://maak-shop.dk/;Helse & personlig pleje (195) | Smykker, ure & accessories (130) | Tøj & sko (188);https://www.emaerket.dk/kategori/webshops/helse-personlig-pleje/ | https://www.emaerket.dk/kategori/webshops/smykker-ure-accessories/ | https://www.emaerket.dk/kategori/webshops/toej-og-sko/
maaneboern.dk;https://maaneboern.dk/;Babytøj, børnetøj & ting til børn (123);https://www.emaerket.dk/kategori/webshops/babytoj-bornetoj-ting-til-born/
macmo.dk;https://www.macmo.dk/;Elektronik tele & foto (169);https://www.emaerket.dk/kategori/webshops/elektronik-tele-foto/
macnab.eu;https://www.macnab.eu/;Hobby, sport & fritid (281) | Tøj & sko (188) | Uddannelse & kurser (17);https://www.emaerket.dk/kategori/webshops/hobby-sport-fritid/ | https://www.emaerket.dk/kategori/webshops/toej-og-sko/ | https://www.emaerket.dk/kategori/webshops/uddannelse-kurser/
madamechic.dk;https://madamechic.dk/;Smykker, ure & accessories (130);https://www.emaerket.dk/kategori/webshops/smykker-ure-accessories/
madebymama.com;https://www.madebymama.com/;Gaveartikler & blomster (122) | Mad, vin & dagligvarer (86) | Salg til virksomheder (177);https://www.emaerket.dk/kategori/webshops/gaveartikler-blomster/ | https://www.emaerket.dk/kategori/webshops/mad-vin-dagligvarer/ | https://www.emaerket.dk/kategori/webshops/salg-til-virksomheder/
madsensmaskinsnedkeri.dk;https://madsensmaskinsnedkeri.dk/;Byggemarked & byggevarer (129) | Hobby, sport & fritid (281) | Hus & have (490) | Møbler & boligindretning (386) | Salg til virksomheder (177);https://www.emaerket.dk/kategori/webshops/byggemarked-byggevarer/ | https://www.emaerket.dk/kategori/webshops/hobby-sport-fritid/ | https://www.emaerket.dk/kategori/webshops/hus-have/ | https://www.emaerket.dk/kategori/webshops/mobler-boligindretning/ | https://www.emaerket.dk/kategori/webshops/salg-til-virksomheder/
magelig.dk;https://magelig.dk/;Møbler & boligindretning (386);https://www.emaerket.dk/kategori/webshops/mobler-boligindretning/
magic-house.dk;https://magic-house.dk/;Babytøj, børnetøj & ting til børn (123) | Helse & personlig pleje (195) | Smykker, ure & accessories (130) | Tøj & sko (188);https://www.emaerket.dk/kategori/webshops/babytoj-bornetoj-ting-til-born/ | https://www.emaerket.dk/kategori/webshops/helse-personlig-pleje/ | https://www.emaerket.dk/kategori/webshops/smykker-ure-accessories/ | https://www.emaerket.dk/kategori/webshops/toej-og-sko/
makerfactory.dk;https://makerfactory.dk/;Salg til virksomheder (177);https://www.emaerket.dk/kategori/webshops/salg-til-virksomheder/
malbedst.dk;https://malbedst.dk/;Hus & have (490);https://www.emaerket.dk/kategori/webshops/hus-have/
maler-maling.dk;https://maler-maling.dk/;Byggemarked & byggevarer (129) | Hus & have (490);https://www.emaerket.dk/kategori/webshops/byggemarked-byggevarer/ | https://www.emaerket.dk/kategori/webshops/hus-have/
malericentralen.dk;https://malericentralen.dk/;Gaveartikler & blomster (122) | Hobby, sport & fritid (281) | Hus & have (490) | Kunst (34);https://www.emaerket.dk/kategori/webshops/gaveartikler-blomster/ | https://www.emaerket.dk/kategori/webshops/hobby-sport-fritid/ | https://www.emaerket.dk/kategori/webshops/hus-have/ | https://www.emaerket.dk/kategori/webshops/kunst/
maling.nu;https://maling.nu/;Byggemarked & byggevarer (129) | Hus & have (490) | Møbler & boligindretning (386);https://www.emaerket.dk/kategori/webshops/byggemarked-byggevarer/ | https://www.emaerket.dk/kategori/webshops/hus-have/ | https://www.emaerket.dk/kategori/webshops/mobler-boligindretning/
malingudsalg.dk;https://malingudsalg.dk/;Byggemarked & byggevarer (129) | Hus & have (490);https://www.emaerket.dk/kategori/webshops/byggemarked-byggevarer/ | https://www.emaerket.dk/kategori/webshops/hus-have/
malprivat.dk;https://malprivat.dk/;Hobby, sport & fritid (281) | Hus & have (490);https://www.emaerket.dk/kategori/webshops/hobby-sport-fritid/ | https://www.emaerket.dk/kategori/webshops/hus-have/
mambeno.dk;https://mambeno.dk/;Mad, vin & dagligvarer (86);https://www.emaerket.dk/kategori/webshops/mad-vin-dagligvarer/
manaka-sake.com;https://manaka-sake.com/;Mad, vin & dagligvarer (86) | Oplevelser & underholdning (21);https://www.emaerket.dk/kategori/webshops/mad-vin-dagligvarer/ | https://www.emaerket.dk/kategori/webshops/oplevelser-underholdning/
mandalay.dk;https://mandalay.dk/;Hus & have (490);https://www.emaerket.dk/kategori/webshops/hus-have/
mangaverden.dk;https://mangaverden.dk/;Bøger, cd'er, film & brætspil (41);https://www.emaerket.dk/kategori/webshops/boeger-cder-film-braetspil/
manis-h.dk;https://manis-h.dk/;Babytøj, børnetøj & ting til børn (123) | Møbler & boligindretning (386);https://www.emaerket.dk/kategori/webshops/babytoj-bornetoj-ting-til-born/ | https://www.emaerket.dk/kategori/webshops/mobler-boligindretning/
marineworld.dk;https://marineworld.dk/;Hobby, sport & fritid (281);https://www.emaerket.dk/kategori/webshops/hobby-sport-fritid/
marjoe.dk;https://marjoe.dk/;Smykker, ure & accessories (130);https://www.emaerket.dk/kategori/webshops/smykker-ure-accessories/
marmarcopenhagen.dk;https://marmarcopenhagen.dk/;Babytøj, børnetøj & ting til børn (123);https://www.emaerket.dk/kategori/webshops/babytoj-bornetoj-ting-til-born/
massive-stock.dk;https://massive-stock.dk/;Hus & have (490);https://www.emaerket.dk/kategori/webshops/hus-have/
masterdeal.dk;https://masterdeal.dk/;Bil cykel & transport (62) | Gaveartikler & blomster (122) | Hus & have (490) | Kontorartikler m.v. (67) | Møbler & boligindretning (386);https://www.emaerket.dk/kategori/webshops/bil-cykel-transport/ | https://www.emaerket.dk/kategori/webshops/gaveartikler-blomster/ | https://www.emaerket.dk/kategori/webshops/hus-have/ | https://www.emaerket.dk/kategori/webshops/kontorartikler-m-v/ | https://www.emaerket.dk/kategori/webshops/mobler-boligindretning/
materialepladsen.dk;https://materialepladsen.dk/;Byggemarked & byggevarer (129) | Hus & have (490);https://www.emaerket.dk/kategori/webshops/byggemarked-byggevarer/ | https://www.emaerket.dk/kategori/webshops/hus-have/
matzstore.dk;https://matzstore.dk/;Helse & personlig pleje (195);https://www.emaerket.dk/kategori/webshops/helse-personlig-pleje/
max-jessen.dk;https://www.max-jessen.dk/;Møbler & boligindretning (386);https://www.emaerket.dk/kategori/webshops/mobler-boligindretning/
maxibag.dk;https://maxibag.dk/;Byggemarked & byggevarer (129) | Hus & have (490) | Salg til virksomheder (177);https://www.emaerket.dk/kategori/webshops/byggemarked-byggevarer/ | https://www.emaerket.dk/kategori/webshops/hus-have/ | https://www.emaerket.dk/kategori/webshops/salg-til-virksomheder/
maxizoo.dk;https://maxizoo.dk/;Dyr & deres pleje (68);https://www.emaerket.dk/kategori/webshops/dyr-deres-pleje/
mayasoele.dk;https://mayasoele.dk/;Gaveartikler & blomster (122);https://www.emaerket.dk/kategori/webshops/gaveartikler-blomster/
meandeliza.dk;https://meandeliza.dk/;Tøj & sko (188);https://www.emaerket.dk/kategori/webshops/toej-og-sko/
mecindo.dk;https://mecindo.dk/;Helse & personlig pleje (195);https://www.emaerket.dk/kategori/webshops/helse-personlig-pleje/
medicoline.dk;https://medicoline.dk/;Helse & personlig pleje (195);https://www.emaerket.dk/kategori/webshops/helse-personlig-pleje/
meripol.dk;https://meripol.dk/;Hobby, sport & fritid (281) | Hus & have (490) | Salg til virksomheder (177);https://www.emaerket.dk/kategori/webshops/hobby-sport-fritid/ | https://www.emaerket.dk/kategori/webshops/hus-have/ | https://www.emaerket.dk/kategori/webshops/salg-til-virksomheder/
mestershoppen.dk;https://mestershoppen.dk/;Byggemarked & byggevarer (129) | Hobby, sport & fritid (281) | Hus & have (490);https://www.emaerket.dk/kategori/webshops/byggemarked-byggevarer/ | https://www.emaerket.dk/kategori/webshops/hobby-sport-fritid/ | https://www.emaerket.dk/kategori/webshops/hus-have/
metteblomsterberg.com;https://metteblomsterberg.com/;Elektronik tele & foto (169) | Gaveartikler & blomster (122);https://www.emaerket.dk/kategori/webshops/elektronik-tele-foto/ | https://www.emaerket.dk/kategori/webshops/gaveartikler-blomster/
mfk.dk;https://mfk.dk/;Gaveartikler & blomster (122) | Kunst (34);https://www.emaerket.dk/kategori/webshops/gaveartikler-blomster/ | https://www.emaerket.dk/kategori/webshops/kunst/
microgardens.dk;https://microgardens.dk/;Hobby, sport & fritid (281) | Hus & have (490);https://www.emaerket.dk/kategori/webshops/hobby-sport-fritid/ | https://www.emaerket.dk/kategori/webshops/hus-have/
miele.dk;https://miele.dk/;Hvidevarer & VVS (75);https://www.emaerket.dk/kategori/webshops/hvidevarer-vvs/
milas.dk;https://milas.dk/;Gaveartikler & blomster (122) | Smykker, ure & accessories (130);https://www.emaerket.dk/kategori/webshops/gaveartikler-blomster/ | https://www.emaerket.dk/kategori/webshops/smykker-ure-accessories/
miljoelab.dk;https://miljoelab.dk/;Hus & have (490);https://www.emaerket.dk/kategori/webshops/hus-have/
millepercille.dk;https://millepercille.dk/;Babytøj, børnetøj & ting til børn (123);https://www.emaerket.dk/kategori/webshops/babytoj-bornetoj-ting-til-born/
mimie.dk;https://mimie.dk/;Helse & personlig pleje (195);https://www.emaerket.dk/kategori/webshops/helse-personlig-pleje/
minguldsmed.dk;https://minguldsmed.dk/;Smykker, ure & accessories (130);https://www.emaerket.dk/kategori/webshops/smykker-ure-accessories/
miniature.dk;https://miniature.dk/;Babytøj, børnetøj & ting til børn (123) | Tøj & sko (188);https://www.emaerket.dk/kategori/webshops/babytoj-bornetoj-ting-til-born/ | https://www.emaerket.dk/kategori/webshops/toej-og-sko/
minidesign.dk;https://minidesign.dk/;Kunst (34) | Møbler & boligindretning (386);https://www.emaerket.dk/kategori/webshops/kunst/ | https://www.emaerket.dk/kategori/webshops/mobler-boligindretning/
minlampe.dk;https://minlampe.dk/;Møbler & boligindretning (386);https://www.emaerket.dk/kategori/webshops/mobler-boligindretning/
minlandbutik.dk;https://minlandbutik.dk/;Dyr & deres pleje (68) | Hus & have (490);https://www.emaerket.dk/kategori/webshops/dyr-deres-pleje/ | https://www.emaerket.dk/kategori/webshops/hus-have/
minstovsuger.dk;https://minstovsuger.dk/;Elektronik tele & foto (169) | Hus & have (490);https://www.emaerket.dk/kategori/webshops/elektronik-tele-foto/ | https://www.emaerket.dk/kategori/webshops/hus-have/
missya.dk;https://missya.dk/;Tøj & sko (188);https://www.emaerket.dk/kategori/webshops/toej-og-sko/
mituderum.dk;https://mituderum.dk/;Hus & have (490);https://www.emaerket.dk/kategori/webshops/hus-have/
mjmshop.dk;https://mjmshop.dk/;Smykker, ure & accessories (130) | Tøj & sko (188);https://www.emaerket.dk/kategori/webshops/smykker-ure-accessories/ | https://www.emaerket.dk/kategori/webshops/toej-og-sko/
mktaepper.dk;https://mktaepper.dk/;Møbler & boligindretning (386);https://www.emaerket.dk/kategori/webshops/mobler-boligindretning/
mm-vision.dk;https://www.mm-vision.dk/;Elektronik tele & foto (169);https://www.emaerket.dk/kategori/webshops/elektronik-tele-foto/
mmaction.dk;https://www.mmaction.dk/;Babytøj, børnetøj & ting til børn (123) | Elektronik tele & foto (169);https://www.emaerket.dk/kategori/webshops/babytoj-bornetoj-ting-til-born/ | https://www.emaerket.dk/kategori/webshops/elektronik-tele-foto/
mme-butterfly.dk;https://mme-butterfly.dk/;Gaveartikler & blomster (122) | Tøj & sko (188);https://www.emaerket.dk/kategori/webshops/gaveartikler-blomster/ | https://www.emaerket.dk/kategori/webshops/toej-og-sko/
mobelhuset2.dk;https://mobelhuset2.dk/;Hus & have (490) | Møbler & boligindretning (386);https://www.emaerket.dk/kategori/webshops/hus-have/ | https://www.emaerket.dk/kategori/webshops/mobler-boligindretning/
mobellageret.dk;https://mobellageret.dk/;Hus & have (490) | Kontorartikler m.v. (67) | Møbler & boligindretning (386);https://www.emaerket.dk/kategori/webshops/hus-have/ | https://www.emaerket.dk/kategori/webshops/kontorartikler-m-v/ | https://www.emaerket.dk/kategori/webshops/mobler-boligindretning/
mobilcovers.dk;https://mobilcovers.dk/;Elektronik tele & foto (169);https://www.emaerket.dk/kategori/webshops/elektronik-tele-foto/
mobler.dk;https://mobler.dk/;Hus & have (490) | Møbler & boligindretning (386);https://www.emaerket.dk/kategori/webshops/hus-have/ | https://www.emaerket.dk/kategori/webshops/mobler-boligindretning/
modelskibet.dk;https://modelskibet.dk/;Hobby, sport & fritid (281);https://www.emaerket.dk/kategori/webshops/hobby-sport-fritid/
moderno.dk;https://moderno.dk/;Hus & have (490) | Møbler & boligindretning (386);https://www.emaerket.dk/kategori/webshops/hus-have/ | https://www.emaerket.dk/kategori/webshops/mobler-boligindretning/
moebelkompagniet.dk;https://moebelkompagniet.dk/;Hus & have (490) | Kontorartikler m.v. (67) | Møbler & boligindretning (386);https://www.emaerket.dk/kategori/webshops/hus-have/ | https://www.emaerket.dk/kategori/webshops/kontorartikler-m-v/ | https://www.emaerket.dk/kategori/webshops/mobler-boligindretning/
moebelsalg.dk;https://moebelsalg.dk/;Møbler & boligindretning (386);https://www.emaerket.dk/kategori/webshops/mobler-boligindretning/
mokkaland.dk;https://mokkaland.dk/;Mad, vin & dagligvarer (86);https://www.emaerket.dk/kategori/webshops/mad-vin-dagligvarer/
molo.com;https://molo.com/;Babytøj, børnetøj & ting til børn (123) | Tøj & sko (188);https://www.emaerket.dk/kategori/webshops/babytoj-bornetoj-ting-til-born/ | https://www.emaerket.dk/kategori/webshops/toej-og-sko/
molo.dk;https://molo.dk/;Babytøj, børnetøj & ting til børn (123);https://www.emaerket.dk/kategori/webshops/babytoj-bornetoj-ting-til-born/
monthuset.dk;https://monthuset.dk/;Hobby, sport & fritid (281);https://www.emaerket.dk/kategori/webshops/hobby-sport-fritid/
moonboon.dk;https://moonboon.dk/;Babytøj, børnetøj & ting til børn (123) | Møbler & boligindretning (386);https://www.emaerket.dk/kategori/webshops/babytoj-bornetoj-ting-til-born/ | https://www.emaerket.dk/kategori/webshops/mobler-boligindretning/
moreland.dk;https://moreland.dk/;Babytøj, børnetøj & ting til børn (123) | Bil cykel & transport (62) | Hobby, sport & fritid (281) | Hus & have (490) | Møbler & boligindretning (386);https://www.emaerket.dk/kategori/webshops/babytoj-bornetoj-ting-til-born/ | https://www.emaerket.dk/kategori/webshops/bil-cykel-transport/ | https://www.emaerket.dk/kategori/webshops/hobby-sport-fritid/ | https://www.emaerket.dk/kategori/webshops/hus-have/ | https://www.emaerket.dk/kategori/webshops/mobler-boligindretning/
morfars.dk;https://morfars.dk/;Hobby, sport & fritid (281);https://www.emaerket.dk/kategori/webshops/hobby-sport-fritid/
mormorsloft.dk;https://mormorsloft.dk/;Babytøj, børnetøj & ting til børn (123) | Bøger, cd'er, film & brætspil (41) | Gaveartikler & blomster (122) | Hobby, sport & fritid (281) | Møbler & boligindretning (386);https://www.emaerket.dk/kategori/webshops/babytoj-bornetoj-ting-til-born/ | https://www.emaerket.dk/kategori/webshops/boeger-cder-film-braetspil/ | https://www.emaerket.dk/kategori/webshops/gaveartikler-blomster/ | https://www.emaerket.dk/kategori/webshops/hobby-sport-fritid/ | https://www.emaerket.dk/kategori/webshops/mobler-boligindretning/
morningscore.io;https://morningscore.io/;Salg til virksomheder (177);https://www.emaerket.dk/kategori/webshops/salg-til-virksomheder/
morsmaling.dk;https://morsmaling.dk/;Byggemarked & byggevarer (129) | Hus & have (490);https://www.emaerket.dk/kategori/webshops/byggemarked-byggevarer/ | https://www.emaerket.dk/kategori/webshops/hus-have/
mosaikhjornet.dk;https://www.mosaikhjornet.dk/;Byggemarked & byggevarer (129) | Hus & have (490) | Møbler & boligindretning (386);https://www.emaerket.dk/kategori/webshops/byggemarked-byggevarer/ | https://www.emaerket.dk/kategori/webshops/hus-have/ | https://www.emaerket.dk/kategori/webshops/mobler-boligindretning/
moshimoshimind.dk;https://moshimoshimind.dk/;Tøj & sko (188);https://www.emaerket.dk/kategori/webshops/toej-og-sko/
mostersskur.dk;https://mostersskur.dk/;Gaveartikler & blomster (122) | Hus & have (490) | Møbler & boligindretning (386);https://www.emaerket.dk/kategori/webshops/gaveartikler-blomster/ | https://www.emaerket.dk/kategori/webshops/hus-have/ | https://www.emaerket.dk/kategori/webshops/mobler-boligindretning/
motatos.dk;https://motatos.dk/;Dyr & deres pleje (68) | Helse & personlig pleje (195) | Hobby, sport & fritid (281) | Hus & have (490) | Mad, vin & dagligvarer (86);https://www.emaerket.dk/kategori/webshops/dyr-deres-pleje/ | https://www.emaerket.dk/kategori/webshops/helse-personlig-pleje/ | https://www.emaerket.dk/kategori/webshops/hobby-sport-fritid/ | https://www.emaerket.dk/kategori/webshops/hus-have/ | https://www.emaerket.dk/kategori/webshops/mad-vin-dagligvarer/
motorsportshop.dk;https://motorsportshop.dk/;Bil cykel & transport (62) | Hobby, sport & fritid (281) | Salg til virksomheder (177) | Tøj & sko (188);https://www.emaerket.dk/kategori/webshops/bil-cykel-transport/ | https://www.emaerket.dk/kategori/webshops/hobby-sport-fritid/ | https://www.emaerket.dk/kategori/webshops/salg-til-virksomheder/ | https://www.emaerket.dk/kategori/webshops/toej-og-sko/
motostore.dk;https://www.motostore.dk/;Hobby, sport & fritid (281) | Salg til virksomheder (177) | Tøj & sko (188);https://www.emaerket.dk/kategori/webshops/hobby-sport-fritid/ | https://www.emaerket.dk/kategori/webshops/salg-til-virksomheder/ | https://www.emaerket.dk/kategori/webshops/toej-og-sko/
mrperfect.dk;https://mrperfect.dk/;Elektronik tele & foto (169) | Hus & have (490) | Møbler & boligindretning (386);https://www.emaerket.dk/kategori/webshops/elektronik-tele-foto/ | https://www.emaerket.dk/kategori/webshops/hus-have/ | https://www.emaerket.dk/kategori/webshops/mobler-boligindretning/
mtp.dk;https://www.mtp.dk/;Bøger, cd'er, film & brætspil (41);https://www.emaerket.dk/kategori/webshops/boeger-cder-film-braetspil/
multitech.dk;https://multitech.dk/;Elektronik tele & foto (169) | Kontorartikler m.v. (67);https://www.emaerket.dk/kategori/webshops/elektronik-tele-foto/ | https://www.emaerket.dk/kategori/webshops/kontorartikler-m-v/
mundfrisk.dk;https://mundfrisk.dk/;Helse & personlig pleje (195);https://www.emaerket.dk/kategori/webshops/helse-personlig-pleje/
muninsports.com;https://muninsports.com/;Hobby, sport & fritid (281);https://www.emaerket.dk/kategori/webshops/hobby-sport-fritid/
murergrej.dk;https://www.murergrej.dk/;Byggemarked & byggevarer (129);https://www.emaerket.dk/kategori/webshops/byggemarked-byggevarer/
mycypruswine.com;https://mycypruswine.com/;Gaveartikler & blomster (122) | Mad, vin & dagligvarer (86);https://www.emaerket.dk/kategori/webshops/gaveartikler-blomster/ | https://www.emaerket.dk/kategori/webshops/mad-vin-dagligvarer/
mytrendydog.dk;https://mytrendydog.dk/;Dyr & deres pleje (68);https://www.emaerket.dk/kategori/webshops/dyr-deres-pleje/
mytrendyphone.dk;https://mytrendyphone.dk/;Elektronik tele & foto (169);https://www.emaerket.dk/kategori/webshops/elektronik-tele-foto/
nailster.dk;https://nailster.dk/;Helse & personlig pleje (195);https://www.emaerket.dk/kategori/webshops/helse-personlig-pleje/
nakushima.dk;https://nakushima.dk/;Hobby, sport & fritid (281) | Hus & have (490) | Mad, vin & dagligvarer (86) | Møbler & boligindretning (386);https://www.emaerket.dk/kategori/webshops/hobby-sport-fritid/ | https://www.emaerket.dk/kategori/webshops/hus-have/ | https://www.emaerket.dk/kategori/webshops/mad-vin-dagligvarer/ | https://www.emaerket.dk/kategori/webshops/mobler-boligindretning/
nandooshop.dk;https://nandooshop.dk/;Elektronik tele & foto (169) | Kontorartikler m.v. (67) | Salg til virksomheder (177);https://www.emaerket.dk/kategori/webshops/elektronik-tele-foto/ | https://www.emaerket.dk/kategori/webshops/kontorartikler-m-v/ | https://www.emaerket.dk/kategori/webshops/salg-til-virksomheder/
nani.dk;https://nani.dk/;Helse & personlig pleje (195);https://www.emaerket.dk/kategori/webshops/helse-personlig-pleje/
napbamboo.dk;https://napbamboo.dk/;Hus & have (490) | Møbler & boligindretning (386);https://www.emaerket.dk/kategori/webshops/hus-have/ | https://www.emaerket.dk/kategori/webshops/mobler-boligindretning/
nardocar.dk;https://www.nardocar.dk/;Bil cykel & transport (62);https://www.emaerket.dk/kategori/webshops/bil-cykel-transport/
nattelyst.dk;https://nattelyst.dk/;Helse & personlig pleje (195);https://www.emaerket.dk/kategori/webshops/helse-personlig-pleje/
natur-shop.dk;https://natur-shop.dk/;Dyr & deres pleje (68);https://www.emaerket.dk/kategori/webshops/dyr-deres-pleje/
naturecell.dk;https://naturecell.dk/;Helse & personlig pleje (195);https://www.emaerket.dk/kategori/webshops/helse-personlig-pleje/
naturligolie.dk;https://naturligolie.dk/;Helse & personlig pleje (195);https://www.emaerket.dk/kategori/webshops/helse-personlig-pleje/
naturoghelse.dk;https://naturoghelse.dk/;Helse & personlig pleje (195) | Mad, vin & dagligvarer (86);https://www.emaerket.dk/kategori/webshops/helse-personlig-pleje/ | https://www.emaerket.dk/kategori/webshops/mad-vin-dagligvarer/
navnesutten.dk;https://navnesutten.dk/;Babytøj, børnetøj & ting til børn (123) | Gaveartikler & blomster (122);https://www.emaerket.dk/kategori/webshops/babytoj-bornetoj-ting-til-born/ | https://www.emaerket.dk/kategori/webshops/gaveartikler-blomster/
nemhjem.dk;https://www.nemhjem.dk/;Hobby, sport & fritid (281) | Hus & have (490);https://www.emaerket.dk/kategori/webshops/hobby-sport-fritid/ | https://www.emaerket.dk/kategori/webshops/hus-have/
nemlig.com;https://nemlig.com/;Mad, vin & dagligvarer (86);https://www.emaerket.dk/kategori/webshops/mad-vin-dagligvarer/
neonful.dk;https://neonful.dk/;Elektronik tele & foto (169) | Salg til virksomheder (177);https://www.emaerket.dk/kategori/webshops/elektronik-tele-foto/ | https://www.emaerket.dk/kategori/webshops/salg-til-virksomheder/
net2traelast.dk;https://net2traelast.dk/;Byggemarked & byggevarer (129) | Hobby, sport & fritid (281) | Hus & have (490);https://www.emaerket.dk/kategori/webshops/byggemarked-byggevarer/ | https://www.emaerket.dk/kategori/webshops/hobby-sport-fritid/ | https://www.emaerket.dk/kategori/webshops/hus-have/
netbyggemarked.dk;https://netbyggemarked.dk/;Byggemarked & byggevarer (129) | Hus & have (490) | Hvidevarer & VVS (75) | Møbler & boligindretning (386) | Salg til virksomheder (177);https://www.emaerket.dk/kategori/webshops/byggemarked-byggevarer/ | https://www.emaerket.dk/kategori/webshops/hus-have/ | https://www.emaerket.dk/kategori/webshops/hvidevarer-vvs/ | https://www.emaerket.dk/kategori/webshops/mobler-boligindretning/ | https://www.emaerket.dk/kategori/webshops/salg-til-virksomheder/
netlager.dk;https://netlager.dk/;Babytøj, børnetøj & ting til børn (123) | Bil cykel & transport (62) | Bøger, cd'er, film & brætspil (41) | Dyr & deres pleje (68) | Elektronik tele & foto (169) | Helse & personlig pleje (195) | Hobby, sport & fritid (281) | Hus & have (490) | Kontorartikler m.v. (67) | Møbler & boligindretning (386) | Smykker, ure & accessories (130);https://www.emaerket.dk/kategori/webshops/babytoj-bornetoj-ting-til-born/ | https://www.emaerket.dk/kategori/webshops/bil-cykel-transport/ | https://www.emaerket.dk/kategori/webshops/boeger-cder-film-braetspil/ | https://www.emaerket.dk/kategori/webshops/dyr-deres-pleje/ | https://www.emaerket.dk/kategori/webshops/elektronik-tele-foto/ | https://www.emaerket.dk/kategori/webshops/helse-personlig-pleje/ | https://www.emaerket.dk/kategori/webshops/hobby-sport-fritid/ | https://www.emaerket.dk/kategori/webshops/hus-have/ | https://www.emaerket.dk/kategori/webshops/kontorartikler-m-v/ | https://www.emaerket.dk/kategori/webshops/mobler-boligindretning/ | https://www.emaerket.dk/kategori/webshops/smykker-ure-accessories/
netolie.dk;https://netolie.dk/;Hus & have (490) | Salg til virksomheder (177);https://www.emaerket.dk/kategori/webshops/hus-have/ | https://www.emaerket.dk/kategori/webshops/salg-til-virksomheder/
netpejsen.dk;https://netpejsen.dk/;Byggemarked & byggevarer (129) | Hus & have (490) | Møbler & boligindretning (386);https://www.emaerket.dk/kategori/webshops/byggemarked-byggevarer/ | https://www.emaerket.dk/kategori/webshops/hus-have/ | https://www.emaerket.dk/kategori/webshops/mobler-boligindretning/
nettodental.dk;https://nettodental.dk/;Helse & personlig pleje (195) | Salg til virksomheder (177);https://www.emaerket.dk/kategori/webshops/helse-personlig-pleje/ | https://www.emaerket.dk/kategori/webshops/salg-til-virksomheder/
nettolager.dk;https://nettolager.dk/;Hus & have (490) | Møbler & boligindretning (386) | Organisationer & foreninger (9) | Salg til virksomheder (177);https://www.emaerket.dk/kategori/webshops/hus-have/ | https://www.emaerket.dk/kategori/webshops/mobler-boligindretning/ | https://www.emaerket.dk/kategori/webshops/organisationer-foreninger/ | https://www.emaerket.dk/kategori/webshops/salg-til-virksomheder/
nettoskabe.dk;https://nettoskabe.dk/;Byggemarked & byggevarer (129) | Hus & have (490) | Møbler & boligindretning (386);https://www.emaerket.dk/kategori/webshops/byggemarked-byggevarer/ | https://www.emaerket.dk/kategori/webshops/hus-have/ | https://www.emaerket.dk/kategori/webshops/mobler-boligindretning/
nettotrailer.dk;https://nettotrailer.dk/;Bil cykel & transport (62);https://www.emaerket.dk/kategori/webshops/bil-cykel-transport/
nevola.dk;https://nevola.dk/;Helse & personlig pleje (195);https://www.emaerket.dk/kategori/webshops/helse-personlig-pleje/
newnordic.dk;https://newnordic.dk/;Helse & personlig pleje (195);https://www.emaerket.dk/kategori/webshops/helse-personlig-pleje/
nextmind.dk;https://nextmind.dk/;Babytøj, børnetøj & ting til børn (123) | Salg til virksomheder (177);https://www.emaerket.dk/kategori/webshops/babytoj-bornetoj-ting-til-born/ | https://www.emaerket.dk/kategori/webshops/salg-til-virksomheder/
nh-jorgensen.dk;https://nh-jorgensen.dk/;Smykker, ure & accessories (130);https://www.emaerket.dk/kategori/webshops/smykker-ure-accessories/
nic-tec.com;https://nic-tec.com/;Bil cykel & transport (62) | Elektronik tele & foto (169);https://www.emaerket.dk/kategori/webshops/bil-cykel-transport/ | https://www.emaerket.dk/kategori/webshops/elektronik-tele-foto/
nielsens.dk;https://nielsens.dk/;Tøj & sko (188);https://www.emaerket.dk/kategori/webshops/toej-og-sko/
nimalift.dk;https://nimalift.dk/;Byggemarked & byggevarer (129);https://www.emaerket.dk/kategori/webshops/byggemarked-byggevarer/
nissencoffee.dk;https://nissencoffee.dk/;Gaveartikler & blomster (122) | Mad, vin & dagligvarer (86);https://www.emaerket.dk/kategori/webshops/gaveartikler-blomster/ | https://www.emaerket.dk/kategori/webshops/mad-vin-dagligvarer/
nocatstudio.com;https://www.nocatstudio.com/;Dyr & deres pleje (68);https://www.emaerket.dk/kategori/webshops/dyr-deres-pleje/
nordic-case.dk;https://nordic-case.dk/;Ferie & rejse (33);https://www.emaerket.dk/kategori/webshops/ferie-rejse/
nordicacomfort.dk;https://nordicacomfort.dk/;Helse & personlig pleje (195);https://www.emaerket.dk/kategori/webshops/helse-personlig-pleje/
nordicbar.dk;https://nordicbar.dk/;Gaveartikler & blomster (122) | Hus & have (490) | Hvidevarer & VVS (75) | Mad, vin & dagligvarer (86) | Møbler & boligindretning (386);https://www.emaerket.dk/kategori/webshops/gaveartikler-blomster/ | https://www.emaerket.dk/kategori/webshops/hus-have/ | https://www.emaerket.dk/kategori/webshops/hvidevarer-vvs/ | https://www.emaerket.dk/kategori/webshops/mad-vin-dagligvarer/ | https://www.emaerket.dk/kategori/webshops/mobler-boligindretning/
nordiccoffeehouse.dk;https://nordiccoffeehouse.dk/;Mad, vin & dagligvarer (86);https://www.emaerket.dk/kategori/webshops/mad-vin-dagligvarer/
nordicdream.dk;https://nordicdream.dk/;Hus & have (490) | Møbler & boligindretning (386);https://www.emaerket.dk/kategori/webshops/hus-have/ | https://www.emaerket.dk/kategori/webshops/mobler-boligindretning/
nordicelectronics.dk;https://nordicelectronics.dk/;Elektronik tele & foto (169) | Helse & personlig pleje (195) | Smykker, ure & accessories (130);https://www.emaerket.dk/kategori/webshops/elektronik-tele-foto/ | https://www.emaerket.dk/kategori/webshops/helse-personlig-pleje/ | https://www.emaerket.dk/kategori/webshops/smykker-ure-accessories/
nordicfashionoutlet.dk;https://nordicfashionoutlet.dk/;Babytøj, børnetøj & ting til børn (123) | Salg til virksomheder (177) | Tøj & sko (188);https://www.emaerket.dk/kategori/webshops/babytoj-bornetoj-ting-til-born/ | https://www.emaerket.dk/kategori/webshops/salg-til-virksomheder/ | https://www.emaerket.dk/kategori/webshops/toej-og-sko/
nordichigh.dk;https://nordichigh.dk/;Helse & personlig pleje (195) | Hobby, sport & fritid (281);https://www.emaerket.dk/kategori/webshops/helse-personlig-pleje/ | https://www.emaerket.dk/kategori/webshops/hobby-sport-fritid/
nordiclaces.dk;https://nordiclaces.dk/;Tøj & sko (188);https://www.emaerket.dk/kategori/webshops/toej-og-sko/
nordiclamps.dk;https://nordiclamps.dk/;Elektronik tele & foto (169);https://www.emaerket.dk/kategori/webshops/elektronik-tele-foto/
nordicrevive.dk;https://nordicrevive.dk/;Helse & personlig pleje (195);https://www.emaerket.dk/kategori/webshops/helse-personlig-pleje/
nordicshape.dk;https://nordicshape.dk/;Helse & personlig pleje (195);https://www.emaerket.dk/kategori/webshops/helse-personlig-pleje/
nordicvisual.dk;https://nordicvisual.dk/;Elektronik tele & foto (169) | Hvidevarer & VVS (75) | Møbler & boligindretning (386) | Oplevelser & underholdning (21);https://www.emaerket.dk/kategori/webshops/elektronik-tele-foto/ | https://www.emaerket.dk/kategori/webshops/hvidevarer-vvs/ | https://www.emaerket.dk/kategori/webshops/mobler-boligindretning/ | https://www.emaerket.dk/kategori/webshops/oplevelser-underholdning/
nordicwoods.dk;https://nordicwoods.dk/;Hus & have (490);https://www.emaerket.dk/kategori/webshops/hus-have/
nordiq-home.dk;https://nordiq-home.dk/;Gaveartikler & blomster (122) | Hus & have (490);https://www.emaerket.dk/kategori/webshops/gaveartikler-blomster/ | https://www.emaerket.dk/kategori/webshops/hus-have/
nordiskhandel.dk;https://nordiskhandel.dk/;Byggemarked & byggevarer (129) | Hobby, sport & fritid (281) | Hus & have (490) | Salg til virksomheder (177);https://www.emaerket.dk/kategori/webshops/byggemarked-byggevarer/ | https://www.emaerket.dk/kategori/webshops/hobby-sport-fritid/ | https://www.emaerket.dk/kategori/webshops/hus-have/ | https://www.emaerket.dk/kategori/webshops/salg-til-virksomheder/
nordiskpuls.dk;https://nordiskpuls.dk/;Helse & personlig pleje (195);https://www.emaerket.dk/kategori/webshops/helse-personlig-pleje/
nordiskspil.dk;https://nordiskspil.dk/;Bøger, cd'er, film & brætspil (41);https://www.emaerket.dk/kategori/webshops/boeger-cder-film-braetspil/
nordjyskbeslagshop.dk;https://nordjyskbeslagshop.dk/;Byggemarked & byggevarer (129);https://www.emaerket.dk/kategori/webshops/byggemarked-byggevarer/
nordofficial.dk;https://nordofficial.dk/;Helse & personlig pleje (195);https://www.emaerket.dk/kategori/webshops/helse-personlig-pleje/
nordsmark.com;https://nordsmark.com/;Tøj & sko (188);https://www.emaerket.dk/kategori/webshops/toej-og-sko/
norskaer.dk;https://norskaer.dk/;Hus & have (490);https://www.emaerket.dk/kategori/webshops/hus-have/
nortex.dk;https://nortex.dk/;Hus & have (490) | Møbler & boligindretning (386);https://www.emaerket.dk/kategori/webshops/hus-have/ | https://www.emaerket.dk/kategori/webshops/mobler-boligindretning/
notredame.dk;https://notredame.dk/;Gaveartikler & blomster (122) | Hus & have (490) | Møbler & boligindretning (386);https://www.emaerket.dk/kategori/webshops/gaveartikler-blomster/ | https://www.emaerket.dk/kategori/webshops/hus-have/ | https://www.emaerket.dk/kategori/webshops/mobler-boligindretning/
novasolar.dk;https://novasolar.dk/;Byggemarked & byggevarer (129) | Hus & have (490) | Møbler & boligindretning (386);https://www.emaerket.dk/kategori/webshops/byggemarked-byggevarer/ | https://www.emaerket.dk/kategori/webshops/hus-have/ | https://www.emaerket.dk/kategori/webshops/mobler-boligindretning/
nowas.dk;https://www.nowas.dk/;Salg til virksomheder (177);https://www.emaerket.dk/kategori/webshops/salg-til-virksomheder/
nowayback.dk;https://nowayback.dk/;Tøj & sko (188);https://www.emaerket.dk/kategori/webshops/toej-og-sko/
nrkosmetik.dk;https://nrkosmetik.dk/;Helse & personlig pleje (195);https://www.emaerket.dk/kategori/webshops/helse-personlig-pleje/
nucleus.dk;https://nucleus.dk/;Bøger, cd'er, film & brætspil (41);https://www.emaerket.dk/kategori/webshops/boeger-cder-film-braetspil/
nuttyvegan.dk;https://nuttyvegan.dk/;Mad, vin & dagligvarer (86);https://www.emaerket.dk/kategori/webshops/mad-vin-dagligvarer/
nytgrej.dk;https://nytgrej.dk/;Hobby, sport & fritid (281);https://www.emaerket.dk/kategori/webshops/hobby-sport-fritid/
nyttedyr.dk;https://nyttedyr.dk/;Hus & have (490);https://www.emaerket.dk/kategori/webshops/hus-have/
octopusdenmark.com;https://octopusdenmark.com/;Smykker, ure & accessories (130) | Tøj & sko (188);https://www.emaerket.dk/kategori/webshops/smykker-ure-accessories/ | https://www.emaerket.dk/kategori/webshops/toej-og-sko/
odense-isenkram.dk;https://odense-isenkram.dk/;Ferie & rejse (33) | Gaveartikler & blomster (122) | Helse & personlig pleje (195) | Hus & have (490) | Kontorartikler m.v. (67) | Møbler & boligindretning (386) | Salg til virksomheder (177);https://www.emaerket.dk/kategori/webshops/ferie-rejse/ | https://www.emaerket.dk/kategori/webshops/gaveartikler-blomster/ | https://www.emaerket.dk/kategori/webshops/helse-personlig-pleje/ | https://www.emaerket.dk/kategori/webshops/hus-have/ | https://www.emaerket.dk/kategori/webshops/kontorartikler-m-v/ | https://www.emaerket.dk/kategori/webshops/mobler-boligindretning/ | https://www.emaerket.dk/kategori/webshops/salg-til-virksomheder/
oenling.dk;https://oenling.dk/;Hobby, sport & fritid (281) | Tøj & sko (188);https://www.emaerket.dk/kategori/webshops/hobby-sport-fritid/ | https://www.emaerket.dk/kategori/webshops/toej-og-sko/
office2go.dk;https://office2go.dk/;Kontorartikler m.v. (67) | Salg til virksomheder (177);https://www.emaerket.dk/kategori/webshops/kontorartikler-m-v/ | https://www.emaerket.dk/kategori/webshops/salg-til-virksomheder/
ohanahelmer.dk;https://ohanahelmer.dk/;Babytøj, børnetøj & ting til børn (123);https://www.emaerket.dk/kategori/webshops/babytoj-bornetoj-ting-til-born/
okofamilien.dk;https://okofamilien.dk/;Helse & personlig pleje (195) | Møbler & boligindretning (386);https://www.emaerket.dk/kategori/webshops/helse-personlig-pleje/ | https://www.emaerket.dk/kategori/webshops/mobler-boligindretning/
okomaling.dk;https://okomaling.dk/;Byggemarked & byggevarer (129) | Hus & have (490);https://www.emaerket.dk/kategori/webshops/byggemarked-byggevarer/ | https://www.emaerket.dk/kategori/webshops/hus-have/
oldebjerg.dk;https://oldebjerg.dk/;Hus & have (490) | Hvidevarer & VVS (75) | Møbler & boligindretning (386);https://www.emaerket.dk/kategori/webshops/hus-have/ | https://www.emaerket.dk/kategori/webshops/hvidevarer-vvs/ | https://www.emaerket.dk/kategori/webshops/mobler-boligindretning/
olemathiesen.dk;https://olemathiesen.dk/;Smykker, ure & accessories (130);https://www.emaerket.dk/kategori/webshops/smykker-ure-accessories/
oletietze.dk;https://oletietze.dk/;Byggemarked & byggevarer (129) | Hus & have (490);https://www.emaerket.dk/kategori/webshops/byggemarked-byggevarer/ | https://www.emaerket.dk/kategori/webshops/hus-have/
olholm.dk;https://olholm.dk/;Byggemarked & byggevarer (129) | Hobby, sport & fritid (281) | Hus & have (490) | Salg til virksomheder (177) | Tøj & sko (188);https://www.emaerket.dk/kategori/webshops/byggemarked-byggevarer/ | https://www.emaerket.dk/kategori/webshops/hobby-sport-fritid/ | https://www.emaerket.dk/kategori/webshops/hus-have/ | https://www.emaerket.dk/kategori/webshops/salg-til-virksomheder/ | https://www.emaerket.dk/kategori/webshops/toej-og-sko/
oneopensky.dk;https://www.oneopensky.dk/;Hobby, sport & fritid (281) | Tøj & sko (188);https://www.emaerket.dk/kategori/webshops/hobby-sport-fritid/ | https://www.emaerket.dk/kategori/webshops/toej-og-sko/
onfire.nu;https://onfire.nu/;Byggemarked & byggevarer (129) | Hus & have (490);https://www.emaerket.dk/kategori/webshops/byggemarked-byggevarer/ | https://www.emaerket.dk/kategori/webshops/hus-have/
online-doere-vinduer.dk;https://online-doere-vinduer.dk/;Byggemarked & byggevarer (129) | Hus & have (490);https://www.emaerket.dk/kategori/webshops/byggemarked-byggevarer/ | https://www.emaerket.dk/kategori/webshops/hus-have/
online.rockidan.dk;https://online.rockidan.dk/;Byggemarked & byggevarer (129) | Hobby, sport & fritid (281) | Hus & have (490) | Tøj & sko (188);https://www.emaerket.dk/kategori/webshops/byggemarked-byggevarer/ | https://www.emaerket.dk/kategori/webshops/hobby-sport-fritid/ | https://www.emaerket.dk/kategori/webshops/hus-have/ | https://www.emaerket.dk/kategori/webshops/toej-og-sko/
onlinepool.dk;https://onlinepool.dk/;Hobby, sport & fritid (281) | Hus & have (490);https://www.emaerket.dk/kategori/webshops/hobby-sport-fritid/ | https://www.emaerket.dk/kategori/webshops/hus-have/
organicminds.dk;https://organicminds.dk/;Babytøj, børnetøj & ting til børn (123) | Hobby, sport & fritid (281) | Smykker, ure & accessories (130) | Tøj & sko (188);https://www.emaerket.dk/kategori/webshops/babytoj-bornetoj-ting-til-born/ | https://www.emaerket.dk/kategori/webshops/hobby-sport-fritid/ | https://www.emaerket.dk/kategori/webshops/smykker-ure-accessories/ | https://www.emaerket.dk/kategori/webshops/toej-og-sko/
os-365.dk;https://os-365.dk/;Helse & personlig pleje (195);https://www.emaerket.dk/kategori/webshops/helse-personlig-pleje/
osfrisørartikler.dk;https://osfrisørartikler.dk/;Helse & personlig pleje (195);https://www.emaerket.dk/kategori/webshops/helse-personlig-pleje/
osloskinlab.dk;https://osloskinlab.dk/;Helse & personlig pleje (195);https://www.emaerket.dk/kategori/webshops/helse-personlig-pleje/
osmedkaeledyr.dk;https://osmedkaeledyr.dk/;Dyr & deres pleje (68);https://www.emaerket.dk/kategori/webshops/dyr-deres-pleje/
ostrand.dk;https://ostrand.dk/;Dyr & deres pleje (68);https://www.emaerket.dk/kategori/webshops/dyr-deres-pleje/
outdooradventure.dk;https://outdooradventure.dk/;Ferie & rejse (33) | Hobby, sport & fritid (281);https://www.emaerket.dk/kategori/webshops/ferie-rejse/ | https://www.emaerket.dk/kategori/webshops/hobby-sport-fritid/
outdoorcentret.dk;https://outdoorcentret.dk/;Hobby, sport & fritid (281);https://www.emaerket.dk/kategori/webshops/hobby-sport-fritid/
outdoornu.dk;https://outdoornu.dk/;Hobby, sport & fritid (281) | Tøj & sko (188);https://www.emaerket.dk/kategori/webshops/hobby-sport-fritid/ | https://www.emaerket.dk/kategori/webshops/toej-og-sko/
outdoortid.dk;https://outdoortid.dk/;Hobby, sport & fritid (281);https://www.emaerket.dk/kategori/webshops/hobby-sport-fritid/
outdoorxperten.dk;https://outdoorxperten.dk/;Hobby, sport & fritid (281);https://www.emaerket.dk/kategori/webshops/hobby-sport-fritid/
outletfashion.dk;https://outletfashion.dk/;Babytøj, børnetøj & ting til børn (123) | Salg til virksomheder (177) | Tøj & sko (188);https://www.emaerket.dk/kategori/webshops/babytoj-bornetoj-ting-til-born/ | https://www.emaerket.dk/kategori/webshops/salg-til-virksomheder/ | https://www.emaerket.dk/kategori/webshops/toej-og-sko/
outletlamper.dk;https://outletlamper.dk/;Hus & have (490) | Møbler & boligindretning (386);https://www.emaerket.dk/kategori/webshops/hus-have/ | https://www.emaerket.dk/kategori/webshops/mobler-boligindretning/
ovenlys-gardiner.dk;https://ovenlys-gardiner.dk/;Hus & have (490) | Møbler & boligindretning (386);https://www.emaerket.dk/kategori/webshops/hus-have/ | https://www.emaerket.dk/kategori/webshops/mobler-boligindretning/
p-lindberg.dk;https://p-lindberg.dk/;Bil cykel & transport (62) | Byggemarked & byggevarer (129) | Dyr & deres pleje (68) | Helse & personlig pleje (195) | Hus & have (490) | Hvidevarer & VVS (75) | Møbler & boligindretning (386) | Tøj & sko (188);https://www.emaerket.dk/kategori/webshops/bil-cykel-transport/ | https://www.emaerket.dk/kategori/webshops/byggemarked-byggevarer/ | https://www.emaerket.dk/kategori/webshops/dyr-deres-pleje/ | https://www.emaerket.dk/kategori/webshops/helse-personlig-pleje/ | https://www.emaerket.dk/kategori/webshops/hus-have/ | https://www.emaerket.dk/kategori/webshops/hvidevarer-vvs/ | https://www.emaerket.dk/kategori/webshops/mobler-boligindretning/ | https://www.emaerket.dk/kategori/webshops/toej-og-sko/
pagstudio.dk;https://pagstudio.dk/;Tøj & sko (188);https://www.emaerket.dk/kategori/webshops/toej-og-sko/
pakke.dk;https://pakke.dk/;Bil cykel & transport (62);https://www.emaerket.dk/kategori/webshops/bil-cykel-transport/
palmpetit.com;https://palmpetit.com/;Smykker, ure & accessories (130);https://www.emaerket.dk/kategori/webshops/smykker-ure-accessories/
pandetermometer.dk;https://pandetermometer.dk/;Babytøj, børnetøj & ting til børn (123) | Helse & personlig pleje (195);https://www.emaerket.dk/kategori/webshops/babytoj-bornetoj-ting-til-born/ | https://www.emaerket.dk/kategori/webshops/helse-personlig-pleje/
panduro.com;https://panduro.com/;Hobby, sport & fritid (281);https://www.emaerket.dk/kategori/webshops/hobby-sport-fritid/
panzerglass.dk;https://panzerglass.dk/;Elektronik tele & foto (169) | Kontorartikler m.v. (67) | Salg til virksomheder (177) | Smykker, ure & accessories (130);https://www.emaerket.dk/kategori/webshops/elektronik-tele-foto/ | https://www.emaerket.dk/kategori/webshops/kontorartikler-m-v/ | https://www.emaerket.dk/kategori/webshops/salg-til-virksomheder/ | https://www.emaerket.dk/kategori/webshops/smykker-ure-accessories/
paperdeluxe.dk;https://paperdeluxe.dk/;Gaveartikler & blomster (122) | Hobby, sport & fritid (281) | Møbler & boligindretning (386);https://www.emaerket.dk/kategori/webshops/gaveartikler-blomster/ | https://www.emaerket.dk/kategori/webshops/hobby-sport-fritid/ | https://www.emaerket.dk/kategori/webshops/mobler-boligindretning/
paraplybutik.dk;https://www.paraplybutik.dk/;Ferie & rejse (33) | Hus & have (490) | Oplevelser & underholdning (21) | Salg til virksomheder (177) | Tøj & sko (188);https://www.emaerket.dk/kategori/webshops/ferie-rejse/ | https://www.emaerket.dk/kategori/webshops/hus-have/ | https://www.emaerket.dk/kategori/webshops/oplevelser-underholdning/ | https://www.emaerket.dk/kategori/webshops/salg-til-virksomheder/ | https://www.emaerket.dk/kategori/webshops/toej-og-sko/
partsdenmark.dk;https://partsdenmark.dk/;Bil cykel & transport (62) | Hobby, sport & fritid (281);https://www.emaerket.dk/kategori/webshops/bil-cykel-transport/ | https://www.emaerket.dk/kategori/webshops/hobby-sport-fritid/
partyvikings.dk;https://partyvikings.dk/;Bøger, cd'er, film & brætspil (41) | Hobby, sport & fritid (281) | Musik & udstyr (20);https://www.emaerket.dk/kategori/webshops/boeger-cder-film-braetspil/ | https://www.emaerket.dk/kategori/webshops/hobby-sport-fritid/ | https://www.emaerket.dk/kategori/webshops/musik-udstyr/
pcmac.dk;https://pcmac.dk/;Elektronik tele & foto (169);https://www.emaerket.dk/kategori/webshops/elektronik-tele-foto/
pearenergy.dk;https://pearenergy.dk/;Elektronik tele & foto (169) | Salg til virksomheder (177);https://www.emaerket.dk/kategori/webshops/elektronik-tele-foto/ | https://www.emaerket.dk/kategori/webshops/salg-til-virksomheder/
pedalatleten.dk;https://pedalatleten.dk/;Bil cykel & transport (62) | Hobby, sport & fritid (281);https://www.emaerket.dk/kategori/webshops/bil-cykel-transport/ | https://www.emaerket.dk/kategori/webshops/hobby-sport-fritid/
pegani.dk;https://pegani.dk/;Hobby, sport & fritid (281);https://www.emaerket.dk/kategori/webshops/hobby-sport-fritid/
peiterolsen.dk;https://peiterolsen.dk/;Hus & have (490) | Hvidevarer & VVS (75) | Møbler & boligindretning (386);https://www.emaerket.dk/kategori/webshops/hus-have/ | https://www.emaerket.dk/kategori/webshops/hvidevarer-vvs/ | https://www.emaerket.dk/kategori/webshops/mobler-boligindretning/
pejsen.com;https://pejsen.com/;Byggemarked & byggevarer (129) | Hus & have (490) | Møbler & boligindretning (386);https://www.emaerket.dk/kategori/webshops/byggemarked-byggevarer/ | https://www.emaerket.dk/kategori/webshops/hus-have/ | https://www.emaerket.dk/kategori/webshops/mobler-boligindretning/
pejseringen.dk;https://pejseringen.dk/;Hus & have (490) | Møbler & boligindretning (386);https://www.emaerket.dk/kategori/webshops/hus-have/ | https://www.emaerket.dk/kategori/webshops/mobler-boligindretning/
perfectjeans.dk;https://perfectjeans.dk/;Tøj & sko (188);https://www.emaerket.dk/kategori/webshops/toej-og-sko/
perleshoppen.dk;https://perleshoppen.dk/;Hobby, sport & fritid (281);https://www.emaerket.dk/kategori/webshops/hobby-sport-fritid/
peter-holmberg.dk;https://peter-holmberg.dk/;Byggemarked & byggevarer (129) | Hus & have (490);https://www.emaerket.dk/kategori/webshops/byggemarked-byggevarer/ | https://www.emaerket.dk/kategori/webshops/hus-have/
petland.dk;https://petland.dk/;Dyr & deres pleje (68);https://www.emaerket.dk/kategori/webshops/dyr-deres-pleje/
petpower.dk;https://petpower.dk/;Dyr & deres pleje (68);https://www.emaerket.dk/kategori/webshops/dyr-deres-pleje/
petshopdanmark.dk;https://petshopdanmark.dk/;Dyr & deres pleje (68);https://www.emaerket.dk/kategori/webshops/dyr-deres-pleje/
petsperfect.dk;https://petsperfect.dk/;Dyr & deres pleje (68);https://www.emaerket.dk/kategori/webshops/dyr-deres-pleje/
photografica.com;https://photografica.com/;Elektronik tele & foto (169);https://www.emaerket.dk/kategori/webshops/elektronik-tele-foto/
picment.dk;https://picment.dk/;Hus & have (490) | Møbler & boligindretning (386) | Salg til virksomheder (177);https://www.emaerket.dk/kategori/webshops/hus-have/ | https://www.emaerket.dk/kategori/webshops/mobler-boligindretning/ | https://www.emaerket.dk/kategori/webshops/salg-til-virksomheder/
picocopenhagen.com;https://picocopenhagen.com/;Smykker, ure & accessories (130);https://www.emaerket.dk/kategori/webshops/smykker-ure-accessories/
pillemadsen.dk;https://pillemadsen.dk/;Byggemarked & byggevarer (129) | Hus & have (490) | Møbler & boligindretning (386);https://www.emaerket.dk/kategori/webshops/byggemarked-byggevarer/ | https://www.emaerket.dk/kategori/webshops/hus-have/ | https://www.emaerket.dk/kategori/webshops/mobler-boligindretning/
pindhus.dk;https://pindhus.dk/;Gaveartikler & blomster (122) | Helse & personlig pleje (195) | Hus & have (490) | Møbler & boligindretning (386);https://www.emaerket.dk/kategori/webshops/gaveartikler-blomster/ | https://www.emaerket.dk/kategori/webshops/helse-personlig-pleje/ | https://www.emaerket.dk/kategori/webshops/hus-have/ | https://www.emaerket.dk/kategori/webshops/mobler-boligindretning/
pindj.dk;https://www.pindj.dk/;Smykker, ure & accessories (130);https://www.emaerket.dk/kategori/webshops/smykker-ure-accessories/
pixelprint.dk;https://pixelprint.dk/;Elektronik tele & foto (169);https://www.emaerket.dk/kategori/webshops/elektronik-tele-foto/
pixizoo.dk;https://pixizoo.dk/;Babytøj, børnetøj & ting til børn (123) | Tøj & sko (188);https://www.emaerket.dk/kategori/webshops/babytoj-bornetoj-ting-til-born/ | https://www.emaerket.dk/kategori/webshops/toej-og-sko/
pixum.dk;https://pixum.dk/;Elektronik tele & foto (169) | Hobby, sport & fritid (281);https://www.emaerket.dk/kategori/webshops/elektronik-tele-foto/ | https://www.emaerket.dk/kategori/webshops/hobby-sport-fritid/
planke-bord.dk;https://planke-bord.dk/;Hus & have (490) | Møbler & boligindretning (386);https://www.emaerket.dk/kategori/webshops/hus-have/ | https://www.emaerket.dk/kategori/webshops/mobler-boligindretning/
plantorama.dk;https://plantorama.dk/;Hus & have (490) | Møbler & boligindretning (386);https://www.emaerket.dk/kategori/webshops/hus-have/ | https://www.emaerket.dk/kategori/webshops/mobler-boligindretning/
playshop.dk;https://www.playshop.dk/;Elektronik tele & foto (169);https://www.emaerket.dk/kategori/webshops/elektronik-tele-foto/
pocketmonster.dk;https://pocketmonster.dk/;Babytøj, børnetøj & ting til børn (123) | Hobby, sport & fritid (281);https://www.emaerket.dk/kategori/webshops/babytoj-bornetoj-ting-til-born/ | https://www.emaerket.dk/kategori/webshops/hobby-sport-fritid/
pokershop.dk;https://pokershop.dk/;Hobby, sport & fritid (281);https://www.emaerket.dk/kategori/webshops/hobby-sport-fritid/
polyteknisk.dk;https://polyteknisk.dk/;Bøger, cd'er, film & brætspil (41) | Kontorartikler m.v. (67) | Salg til virksomheder (177);https://www.emaerket.dk/kategori/webshops/boeger-cder-film-braetspil/ | https://www.emaerket.dk/kategori/webshops/kontorartikler-m-v/ | https://www.emaerket.dk/kategori/webshops/salg-til-virksomheder/
pompdelux.dk;https://pompdelux.dk/;Babytøj, børnetøj & ting til børn (123) | Gaveartikler & blomster (122) | Tøj & sko (188);https://www.emaerket.dk/kategori/webshops/babytoj-bornetoj-ting-til-born/ | https://www.emaerket.dk/kategori/webshops/gaveartikler-blomster/ | https://www.emaerket.dk/kategori/webshops/toej-og-sko/
ponypiger.dk;https://ponypiger.dk/;Babytøj, børnetøj & ting til børn (123) | Dyr & deres pleje (68) | Hobby, sport & fritid (281);https://www.emaerket.dk/kategori/webshops/babytoj-bornetoj-ting-til-born/ | https://www.emaerket.dk/kategori/webshops/dyr-deres-pleje/ | https://www.emaerket.dk/kategori/webshops/hobby-sport-fritid/
pooloasen.dk;https://pooloasen.dk/;Hus & have (490) | Møbler & boligindretning (386);https://www.emaerket.dk/kategori/webshops/hus-have/ | https://www.emaerket.dk/kategori/webshops/mobler-boligindretning/
postkassebiksen.dk;https://postkassebiksen.dk/;Hus & have (490) | Møbler & boligindretning (386);https://www.emaerket.dk/kategori/webshops/hus-have/ | https://www.emaerket.dk/kategori/webshops/mobler-boligindretning/
power.dk;https://power.dk/;Elektronik tele & foto (169);https://www.emaerket.dk/kategori/webshops/elektronik-tele-foto/
prego.dk;https://www.prego.dk/;Smykker, ure & accessories (130);https://www.emaerket.dk/kategori/webshops/smykker-ure-accessories/
preplife.dk;https://preplife.dk/;Hobby, sport & fritid (281);https://www.emaerket.dk/kategori/webshops/hobby-sport-fritid/
prigo.dk;https://prigo.dk/;Elektronik tele & foto (169) | Hobby, sport & fritid (281);https://www.emaerket.dk/kategori/webshops/elektronik-tele-foto/ | https://www.emaerket.dk/kategori/webshops/hobby-sport-fritid/
primashop.dk;https://primashop.dk/;Dyr & deres pleje (68);https://www.emaerket.dk/kategori/webshops/dyr-deres-pleje/
prinshenning.dk;https://prinshenning.dk/;Byggemarked & byggevarer (129) | Hus & have (490);https://www.emaerket.dk/kategori/webshops/byggemarked-byggevarer/ | https://www.emaerket.dk/kategori/webshops/hus-have/
prishammeren.dk;https://prishammeren.dk/;Byggemarked & byggevarer (129) | Hus & have (490);https://www.emaerket.dk/kategori/webshops/byggemarked-byggevarer/ | https://www.emaerket.dk/kategori/webshops/hus-have/
privateplay.dk;https://privateplay.dk/;Dating & erotik (12) | Helse & personlig pleje (195);https://www.emaerket.dk/kategori/webshops/dating-og-erotik/ | https://www.emaerket.dk/kategori/webshops/helse-personlig-pleje/
pro-outdoor.dk;https://www.pro-outdoor.dk/;Ferie & rejse (33) | Hobby, sport & fritid (281) | Oplevelser & underholdning (21) | Salg til virksomheder (177) | Tøj & sko (188) | Uddannelse & kurser (17);https://www.emaerket.dk/kategori/webshops/ferie-rejse/ | https://www.emaerket.dk/kategori/webshops/hobby-sport-fritid/ | https://www.emaerket.dk/kategori/webshops/oplevelser-underholdning/ | https://www.emaerket.dk/kategori/webshops/salg-til-virksomheder/ | https://www.emaerket.dk/kategori/webshops/toej-og-sko/ | https://www.emaerket.dk/kategori/webshops/uddannelse-kurser/
prof-shoppen.dk;https://prof-shoppen.dk/;Bil cykel & transport (62);https://www.emaerket.dk/kategori/webshops/bil-cykel-transport/
profilmetal.dk;https://www.profilmetal.dk/;Byggemarked & byggevarer (129) | Hus & have (490) | Møbler & boligindretning (386);https://www.emaerket.dk/kategori/webshops/byggemarked-byggevarer/ | https://www.emaerket.dk/kategori/webshops/hus-have/ | https://www.emaerket.dk/kategori/webshops/mobler-boligindretning/
progrossist.dk;https://progrossist.dk/;Byggemarked & byggevarer (129) | Hus & have (490) | Hvidevarer & VVS (75) | Møbler & boligindretning (386);https://www.emaerket.dk/kategori/webshops/byggemarked-byggevarer/ | https://www.emaerket.dk/kategori/webshops/hus-have/ | https://www.emaerket.dk/kategori/webshops/hvidevarer-vvs/ | https://www.emaerket.dk/kategori/webshops/mobler-boligindretning/
promiz.dk;https://promiz.dk/;Smykker, ure & accessories (130);https://www.emaerket.dk/kategori/webshops/smykker-ure-accessories/
proshop.dk;https://www.proshop.dk/;Elektronik tele & foto (169) | Hus & have (490) | Hvidevarer & VVS (75) | Møbler & boligindretning (386);https://www.emaerket.dk/kategori/webshops/elektronik-tele-foto/ | https://www.emaerket.dk/kategori/webshops/hus-have/ | https://www.emaerket.dk/kategori/webshops/hvidevarer-vvs/ | https://www.emaerket.dk/kategori/webshops/mobler-boligindretning/
protectioncare.eu;http://protectioncare.eu/;Helse & personlig pleje (195);https://www.emaerket.dk/kategori/webshops/helse-personlig-pleje/
prototypeindustry.dk;https://www.prototypeindustry.dk/;Salg til virksomheder (177);https://www.emaerket.dk/kategori/webshops/salg-til-virksomheder/
prowita.dk;https://prowita.dk/;Elektronik tele & foto (169) | Helse & personlig pleje (195) | Salg til virksomheder (177);https://www.emaerket.dk/kategori/webshops/elektronik-tele-foto/ | https://www.emaerket.dk/kategori/webshops/helse-personlig-pleje/ | https://www.emaerket.dk/kategori/webshops/salg-til-virksomheder/
pulito.dk;https://pulito.dk/;Babytøj, børnetøj & ting til børn (123) | Hobby, sport & fritid (281) | Hus & have (490);https://www.emaerket.dk/kategori/webshops/babytoj-bornetoj-ting-til-born/ | https://www.emaerket.dk/kategori/webshops/hobby-sport-fritid/ | https://www.emaerket.dk/kategori/webshops/hus-have/
pulsure.dk;https://www.pulsure.dk/;Elektronik tele & foto (169) | Hobby, sport & fritid (281);https://www.emaerket.dk/kategori/webshops/elektronik-tele-foto/ | https://www.emaerket.dk/kategori/webshops/hobby-sport-fritid/
punkt1.dk;https://punkt1.dk/;Helse & personlig pleje (195) | Hus & have (490) | Hvidevarer & VVS (75) | Møbler & boligindretning (386);https://www.emaerket.dk/kategori/webshops/helse-personlig-pleje/ | https://www.emaerket.dk/kategori/webshops/hus-have/ | https://www.emaerket.dk/kategori/webshops/hvidevarer-vvs/ | https://www.emaerket.dk/kategori/webshops/mobler-boligindretning/
punktum.dk;https://punktum.dk/;Organisationer & foreninger (9) | Salg til virksomheder (177);https://www.emaerket.dk/kategori/webshops/organisationer-foreninger/ | https://www.emaerket.dk/kategori/webshops/salg-til-virksomheder/
puretime.dk;https://puretime.dk/;Hus & have (490) | Kunst (34) | Møbler & boligindretning (386) | Smykker, ure & accessories (130);https://www.emaerket.dk/kategori/webshops/hus-have/ | https://www.emaerket.dk/kategori/webshops/kunst/ | https://www.emaerket.dk/kategori/webshops/mobler-boligindretning/ | https://www.emaerket.dk/kategori/webshops/smykker-ure-accessories/
puzzleshop.dk;https://puzzleshop.dk/;Bøger, cd'er, film & brætspil (41);https://www.emaerket.dk/kategori/webshops/boeger-cder-film-braetspil/
q8.dk;https://q8.dk/;Bil cykel & transport (62) | Hus & have (490) | Salg til virksomheder (177);https://www.emaerket.dk/kategori/webshops/bil-cykel-transport/ | https://www.emaerket.dk/kategori/webshops/hus-have/ | https://www.emaerket.dk/kategori/webshops/salg-til-virksomheder/
qookware.dk;https://qookware.dk/;Gaveartikler & blomster (122) | Hobby, sport & fritid (281) | Hus & have (490) | Mad, vin & dagligvarer (86) | Møbler & boligindretning (386);https://www.emaerket.dk/kategori/webshops/gaveartikler-blomster/ | https://www.emaerket.dk/kategori/webshops/hobby-sport-fritid/ | https://www.emaerket.dk/kategori/webshops/hus-have/ | https://www.emaerket.dk/kategori/webshops/mad-vin-dagligvarer/ | https://www.emaerket.dk/kategori/webshops/mobler-boligindretning/
qred.dk;https://qred.dk/;Økonomi, banker & forsikringer (6);https://www.emaerket.dk/kategori/webshops/okonomi-banker-forsikringer/
quickparts.dk;https://quickparts.dk/;Elektronik tele & foto (169) | Helse & personlig pleje (195) | Hus & have (490) | Hvidevarer & VVS (75) | Møbler & boligindretning (386) | Salg til virksomheder (177);https://www.emaerket.dk/kategori/webshops/elektronik-tele-foto/ | https://www.emaerket.dk/kategori/webshops/helse-personlig-pleje/ | https://www.emaerket.dk/kategori/webshops/hus-have/ | https://www.emaerket.dk/kategori/webshops/hvidevarer-vvs/ | https://www.emaerket.dk/kategori/webshops/mobler-boligindretning/ | https://www.emaerket.dk/kategori/webshops/salg-til-virksomheder/
quint.dk;https://quint.dk/;Smykker, ure & accessories (130) | Tøj & sko (188);https://www.emaerket.dk/kategori/webshops/smykker-ure-accessories/ | https://www.emaerket.dk/kategori/webshops/toej-og-sko/
quirkymoose.com;https://quirkymoose.com/;Møbler & boligindretning (386);https://www.emaerket.dk/kategori/webshops/mobler-boligindretning/
r2.dk;https://r2.dk/;Byggemarked & byggevarer (129);https://www.emaerket.dk/kategori/webshops/byggemarked-byggevarer/
rabat-vvs.dk;https://rabat-vvs.dk/;Byggemarked & byggevarer (129) | Hus & have (490) | Hvidevarer & VVS (75);https://www.emaerket.dk/kategori/webshops/byggemarked-byggevarer/ | https://www.emaerket.dk/kategori/webshops/hus-have/ | https://www.emaerket.dk/kategori/webshops/hvidevarer-vvs/
rabbitpet.dk;https://rabbitpet.dk/;Dyr & deres pleje (68);https://www.emaerket.dk/kategori/webshops/dyr-deres-pleje/
rabenssaloner.dk;https://www.rabenssaloner.dk/;Tøj & sko (188);https://www.emaerket.dk/kategori/webshops/toej-og-sko/
rammeshoppen.dk;https://www.rammeshoppen.dk/;Hus & have (490) | Kunst (34) | Møbler & boligindretning (386) | Salg til virksomheder (177);https://www.emaerket.dk/kategori/webshops/hus-have/ | https://www.emaerket.dk/kategori/webshops/kunst/ | https://www.emaerket.dk/kategori/webshops/mobler-boligindretning/ | https://www.emaerket.dk/kategori/webshops/salg-til-virksomheder/
rank.dk;https://rank.dk/;Hus & have (490) | Møbler & boligindretning (386);https://www.emaerket.dk/kategori/webshops/hus-have/ | https://www.emaerket.dk/kategori/webshops/mobler-boligindretning/
raumtraum.dk;https://raumtraum.dk/;Byggemarked & byggevarer (129) | Gaveartikler & blomster (122) | Hus & have (490) | Hvidevarer & VVS (75) | Møbler & boligindretning (386);https://www.emaerket.dk/kategori/webshops/byggemarked-byggevarer/ | https://www.emaerket.dk/kategori/webshops/gaveartikler-blomster/ | https://www.emaerket.dk/kategori/webshops/hus-have/ | https://www.emaerket.dk/kategori/webshops/hvidevarer-vvs/ | https://www.emaerket.dk/kategori/webshops/mobler-boligindretning/
ravnbyravn.dk;https://ravnbyravn.dk/;Tøj & sko (188);https://www.emaerket.dk/kategori/webshops/toej-og-sko/
rcholm.dk;https://rcholm.dk/;Byggemarked & byggevarer (129) | Hus & have (490) | Salg til virksomheder (177);https://www.emaerket.dk/kategori/webshops/byggemarked-byggevarer/ | https://www.emaerket.dk/kategori/webshops/hus-have/ | https://www.emaerket.dk/kategori/webshops/salg-til-virksomheder/
reactivate.dk;https://reactivate.dk/;Hobby, sport & fritid (281) | Tøj & sko (188);https://www.emaerket.dk/kategori/webshops/hobby-sport-fritid/ | https://www.emaerket.dk/kategori/webshops/toej-og-sko/
recollection.dk;https://recollection.dk/;Hus & have (490) | Møbler & boligindretning (386);https://www.emaerket.dk/kategori/webshops/hus-have/ | https://www.emaerket.dk/kategori/webshops/mobler-boligindretning/
recordpusher.com;https://www.recordpusher.com/;Bøger, cd'er, film & brætspil (41) | Musik & udstyr (20);https://www.emaerket.dk/kategori/webshops/boeger-cder-film-braetspil/ | https://www.emaerket.dk/kategori/webshops/musik-udstyr/
recoverym8.dk;https://recoverym8.dk/;Helse & personlig pleje (195) | Hobby, sport & fritid (281);https://www.emaerket.dk/kategori/webshops/helse-personlig-pleje/ | https://www.emaerket.dk/kategori/webshops/hobby-sport-fritid/
redgreen.dk;https://redgreen.dk/;Tøj & sko (188);https://www.emaerket.dk/kategori/webshops/toej-og-sko/
refako.dk;https://www.refako.dk/;Bil cykel & transport (62);https://www.emaerket.dk/kategori/webshops/bil-cykel-transport/
refix.dk;https://www.refix.dk/;Elektronik tele & foto (169) | Musik & udstyr (20) | Salg til virksomheder (177);https://www.emaerket.dk/kategori/webshops/elektronik-tele-foto/ | https://www.emaerket.dk/kategori/webshops/musik-udstyr/ | https://www.emaerket.dk/kategori/webshops/salg-til-virksomheder/
regovs.dk;https://regovs.dk/;Gaveartikler & blomster (122) | Hobby, sport & fritid (281) | Hus & have (490) | Møbler & boligindretning (386) | Smykker, ure & accessories (130);https://www.emaerket.dk/kategori/webshops/gaveartikler-blomster/ | https://www.emaerket.dk/kategori/webshops/hobby-sport-fritid/ | https://www.emaerket.dk/kategori/webshops/hus-have/ | https://www.emaerket.dk/kategori/webshops/mobler-boligindretning/ | https://www.emaerket.dk/kategori/webshops/smykker-ure-accessories/
reima.com;https://reima.com/;Tøj & sko (188);https://www.emaerket.dk/kategori/webshops/toej-og-sko/
rejsegear.dk;https://rejsegear.dk/;Ferie & rejse (33) | Hobby, sport & fritid (281) | Smykker, ure & accessories (130);https://www.emaerket.dk/kategori/webshops/ferie-rejse/ | https://www.emaerket.dk/kategori/webshops/hobby-sport-fritid/ | https://www.emaerket.dk/kategori/webshops/smykker-ure-accessories/
reliefr.dk;https://reliefr.dk/;Helse & personlig pleje (195);https://www.emaerket.dk/kategori/webshops/helse-personlig-pleje/
renewtech.dk;https://renewtech.dk/;Elektronik tele & foto (169);https://www.emaerket.dk/kategori/webshops/elektronik-tele-foto/
renleg.dk;https://renleg.dk/;Babytøj, børnetøj & ting til børn (123) | Gaveartikler & blomster (122);https://www.emaerket.dk/kategori/webshops/babytoj-bornetoj-ting-til-born/ | https://www.emaerket.dk/kategori/webshops/gaveartikler-blomster/
renlykke.dk;https://renlykke.dk/;Helse & personlig pleje (195);https://www.emaerket.dk/kategori/webshops/helse-personlig-pleje/
rentengros.dk;https://rentengros.dk/;Kontorartikler m.v. (67);https://www.emaerket.dk/kategori/webshops/kontorartikler-m-v/
repart.dk;https://repart.dk/;Hus & have (490) | Hvidevarer & VVS (75) | Salg til virksomheder (177);https://www.emaerket.dk/kategori/webshops/hus-have/ | https://www.emaerket.dk/kategori/webshops/hvidevarer-vvs/ | https://www.emaerket.dk/kategori/webshops/salg-til-virksomheder/
reservedelen.dk;https://reservedelen.dk/;Hus & have (490);https://www.emaerket.dk/kategori/webshops/hus-have/
restflow.dk;https://restflow.dk/;Helse & personlig pleje (195);https://www.emaerket.dk/kategori/webshops/helse-personlig-pleje/
riderbyhorse.dk;https://riderbyhorse.dk/;Dyr & deres pleje (68) | Hobby, sport & fritid (281);https://www.emaerket.dk/kategori/webshops/dyr-deres-pleje/ | https://www.emaerket.dk/kategori/webshops/hobby-sport-fritid/
rigtiggod.dk;https://rigtiggod.dk/;Elektronik tele & foto (169);https://www.emaerket.dk/kategori/webshops/elektronik-tele-foto/
rikkitikkishop.dk;https://rikkitikkishop.dk/;Hus & have (490) | Møbler & boligindretning (386);https://www.emaerket.dk/kategori/webshops/hus-have/ | https://www.emaerket.dk/kategori/webshops/mobler-boligindretning/
rocopenhagen.com;https://rocopenhagen.com/;Smykker, ure & accessories (130);https://www.emaerket.dk/kategori/webshops/smykker-ure-accessories/
rocopenhagen.dk;https://rocopenhagen.dk/;Smykker, ure & accessories (130);https://www.emaerket.dk/kategori/webshops/smykker-ure-accessories/
rombo.dk;https://rombo.dk/;Mad, vin & dagligvarer (86);https://www.emaerket.dk/kategori/webshops/mad-vin-dagligvarer/
roomsgalore.dk;https://roomsgalore.dk/;Helse & personlig pleje (195) | Møbler & boligindretning (386) | Tøj & sko (188);https://www.emaerket.dk/kategori/webshops/helse-personlig-pleje/ | https://www.emaerket.dk/kategori/webshops/mobler-boligindretning/ | https://www.emaerket.dk/kategori/webshops/toej-og-sko/
rosborgshop.dk;https://rosborgshop.dk/;Hus & have (490) | Møbler & boligindretning (386);https://www.emaerket.dk/kategori/webshops/hus-have/ | https://www.emaerket.dk/kategori/webshops/mobler-boligindretning/
rosendahl.com;https://rosendahl.com/;Gaveartikler & blomster (122) | Kunst (34) | Møbler & boligindretning (386);https://www.emaerket.dk/kategori/webshops/gaveartikler-blomster/ | https://www.emaerket.dk/kategori/webshops/kunst/ | https://www.emaerket.dk/kategori/webshops/mobler-boligindretning/
rostistore.com;https://rostistore.com/;Gaveartikler & blomster (122) | Hus & have (490) | Møbler & boligindretning (386);https://www.emaerket.dk/kategori/webshops/gaveartikler-blomster/ | https://www.emaerket.dk/kategori/webshops/hus-have/ | https://www.emaerket.dk/kategori/webshops/mobler-boligindretning/
roverkob.dk;https://roverkob.dk/;Byggemarked & byggevarer (129) | Hus & have (490);https://www.emaerket.dk/kategori/webshops/byggemarked-byggevarer/ | https://www.emaerket.dk/kategori/webshops/hus-have/
royal-bath.dk;https://royal-bath.dk/;Hus & have (490);https://www.emaerket.dk/kategori/webshops/hus-have/
royalcopenhagen.com;https://royalcopenhagen.com/;Gaveartikler & blomster (122) | Møbler & boligindretning (386);https://www.emaerket.dk/kategori/webshops/gaveartikler-blomster/ | https://www.emaerket.dk/kategori/webshops/mobler-boligindretning/
royaldesign.dk;https://royaldesign.dk/;Hus & have (490) | Møbler & boligindretning (386) | Smykker, ure & accessories (130);https://www.emaerket.dk/kategori/webshops/hus-have/ | https://www.emaerket.dk/kategori/webshops/mobler-boligindretning/ | https://www.emaerket.dk/kategori/webshops/smykker-ure-accessories/
ruebirch.dk;https://ruebirch.dk/;Gaveartikler & blomster (122) | Møbler & boligindretning (386) | Smykker, ure & accessories (130) | Tøj & sko (188);https://www.emaerket.dk/kategori/webshops/gaveartikler-blomster/ | https://www.emaerket.dk/kategori/webshops/mobler-boligindretning/ | https://www.emaerket.dk/kategori/webshops/smykker-ure-accessories/ | https://www.emaerket.dk/kategori/webshops/toej-og-sko/
rum21.dk;https://www.rum21.dk/;Hus & have (490) | Møbler & boligindretning (386);https://www.emaerket.dk/kategori/webshops/hus-have/ | https://www.emaerket.dk/kategori/webshops/mobler-boligindretning/
rundtombilen.dk;https://rundtombilen.dk/;Bil cykel & transport (62);https://www.emaerket.dk/kategori/webshops/bil-cykel-transport/
safecarry.dk;https://safecarry.dk/;Elektronik tele & foto (169) | Ferie & rejse (33) | Hobby, sport & fritid (281) | Kontorartikler m.v. (67);https://www.emaerket.dk/kategori/webshops/elektronik-tele-foto/ | https://www.emaerket.dk/kategori/webshops/ferie-rejse/ | https://www.emaerket.dk/kategori/webshops/hobby-sport-fritid/ | https://www.emaerket.dk/kategori/webshops/kontorartikler-m-v/
safegear.dk;https://safegear.dk/;Hus & have (490);https://www.emaerket.dk/kategori/webshops/hus-have/
safeshoppen.dk;https://safeshoppen.dk/;Hus & have (490) | Kontorartikler m.v. (67);https://www.emaerket.dk/kategori/webshops/hus-have/ | https://www.emaerket.dk/kategori/webshops/kontorartikler-m-v/
sagroparts.dk;https://sagroparts.dk/;Bil cykel & transport (62) | Byggemarked & byggevarer (129) | Dyr & deres pleje (68) | Hobby, sport & fritid (281) | Hus & have (490) | Salg til virksomheder (177) | Tøj & sko (188);https://www.emaerket.dk/kategori/webshops/bil-cykel-transport/ | https://www.emaerket.dk/kategori/webshops/byggemarked-byggevarer/ | https://www.emaerket.dk/kategori/webshops/dyr-deres-pleje/ | https://www.emaerket.dk/kategori/webshops/hobby-sport-fritid/ | https://www.emaerket.dk/kategori/webshops/hus-have/ | https://www.emaerket.dk/kategori/webshops/salg-til-virksomheder/ | https://www.emaerket.dk/kategori/webshops/toej-og-sko/
salgsbutikken.dk;https://salgsbutikken.dk/;Elektronik tele & foto (169);https://www.emaerket.dk/kategori/webshops/elektronik-tele-foto/
sallingbo.dk;https://sallingbo.dk/;Byggemarked & byggevarer (129) | Hus & have (490);https://www.emaerket.dk/kategori/webshops/byggemarked-byggevarer/ | https://www.emaerket.dk/kategori/webshops/hus-have/
sallingland.dk;https://sallingland.dk/;Dyr & deres pleje (68) | Hus & have (490) | Salg til virksomheder (177) | Tøj & sko (188);https://www.emaerket.dk/kategori/webshops/dyr-deres-pleje/ | https://www.emaerket.dk/kategori/webshops/hus-have/ | https://www.emaerket.dk/kategori/webshops/salg-til-virksomheder/ | https://www.emaerket.dk/kategori/webshops/toej-og-sko/
sandbysmeden.dk;https://sandbysmeden.dk/;Hus & have (490);https://www.emaerket.dk/kategori/webshops/hus-have/
sandmanden.com;https://sandmanden.com/;Hus & have (490) | Møbler & boligindretning (386);https://www.emaerket.dk/kategori/webshops/hus-have/ | https://www.emaerket.dk/kategori/webshops/mobler-boligindretning/
sandvigpharma.com;https://sandvigpharma.com/;Helse & personlig pleje (195);https://www.emaerket.dk/kategori/webshops/helse-personlig-pleje/
santanderconsumer.dk;https://santanderconsumer.dk/;Økonomi, banker & forsikringer (6);https://www.emaerket.dk/kategori/webshops/okonomi-banker-forsikringer/
satana.dk;https://satana.dk/;Babytøj, børnetøj & ting til børn (123) | Bil cykel & transport (62) | Helse & personlig pleje (195) | Hobby, sport & fritid (281) | Møbler & boligindretning (386) | Smykker, ure & accessories (130) | Tøj & sko (188);https://www.emaerket.dk/kategori/webshops/babytoj-bornetoj-ting-til-born/ | https://www.emaerket.dk/kategori/webshops/bil-cykel-transport/ | https://www.emaerket.dk/kategori/webshops/helse-personlig-pleje/ | https://www.emaerket.dk/kategori/webshops/hobby-sport-fritid/ | https://www.emaerket.dk/kategori/webshops/mobler-boligindretning/ | https://www.emaerket.dk/kategori/webshops/smykker-ure-accessories/ | https://www.emaerket.dk/kategori/webshops/toej-og-sko/
savdoktoren.dk;https://savdoktoren.dk/;Byggemarked & byggevarer (129) | Hobby, sport & fritid (281);https://www.emaerket.dk/kategori/webshops/byggemarked-byggevarer/ | https://www.emaerket.dk/kategori/webshops/hobby-sport-fritid/
sbnet.dk;https://sbnet.dk/;Byggemarked & byggevarer (129) | Hus & have (490) | Hvidevarer & VVS (75) | Salg til virksomheder (177) | Tøj & sko (188);https://www.emaerket.dk/kategori/webshops/byggemarked-byggevarer/ | https://www.emaerket.dk/kategori/webshops/hus-have/ | https://www.emaerket.dk/kategori/webshops/hvidevarer-vvs/ | https://www.emaerket.dk/kategori/webshops/salg-til-virksomheder/ | https://www.emaerket.dk/kategori/webshops/toej-og-sko/
scandinavianlux.com;https://www.scandinavianlux.com/;Babytøj, børnetøj & ting til børn (123) | Tøj & sko (188);https://www.emaerket.dk/kategori/webshops/babytoj-bornetoj-ting-til-born/ | https://www.emaerket.dk/kategori/webshops/toej-og-sko/
scanheat.dk;https://scanheat.dk/;Hus & have (490);https://www.emaerket.dk/kategori/webshops/hus-have/
scanhobby-webshop.dk;https://scanhobby-webshop.dk/;Hobby, sport & fritid (281);https://www.emaerket.dk/kategori/webshops/hobby-sport-fritid/
scanmaps.dk;https://scanmaps.dk/;Bøger, cd'er, film & brætspil (41) | Hus & have (490) | Kontorartikler m.v. (67) | Møbler & boligindretning (386);https://www.emaerket.dk/kategori/webshops/boeger-cder-film-braetspil/ | https://www.emaerket.dk/kategori/webshops/hus-have/ | https://www.emaerket.dk/kategori/webshops/kontorartikler-m-v/ | https://www.emaerket.dk/kategori/webshops/mobler-boligindretning/
scheel-larsen.dk;https://scheel-larsen.dk/;Hus & have (490) | Møbler & boligindretning (386);https://www.emaerket.dk/kategori/webshops/hus-have/ | https://www.emaerket.dk/kategori/webshops/mobler-boligindretning/
schiang-living.dk;https://schiang-living.dk/;Hus & have (490) | Møbler & boligindretning (386);https://www.emaerket.dk/kategori/webshops/hus-have/ | https://www.emaerket.dk/kategori/webshops/mobler-boligindretning/
schmidthuset.dk;https://schmidthuset.dk/;Hobby, sport & fritid (281) | Hus & have (490) | Møbler & boligindretning (386);https://www.emaerket.dk/kategori/webshops/hobby-sport-fritid/ | https://www.emaerket.dk/kategori/webshops/hus-have/ | https://www.emaerket.dk/kategori/webshops/mobler-boligindretning/
scootworld.dk;https://scootworld.dk/;Bil cykel & transport (62) | Hobby, sport & fritid (281);https://www.emaerket.dk/kategori/webshops/bil-cykel-transport/ | https://www.emaerket.dk/kategori/webshops/hobby-sport-fritid/
screenbooster.dk;https://screenbooster.dk/;Elektronik tele & foto (169);https://www.emaerket.dk/kategori/webshops/elektronik-tele-foto/
sea-trout.dk;https://sea-trout.dk/;Hobby, sport & fritid (281);https://www.emaerket.dk/kategori/webshops/hobby-sport-fritid/
sejsdyner.dk;https://sejsdyner.dk/;Hus & have (490) | Møbler & boligindretning (386);https://www.emaerket.dk/kategori/webshops/hus-have/ | https://www.emaerket.dk/kategori/webshops/mobler-boligindretning/
selfmade.com;https://selfmade.com/;Hobby, sport & fritid (281);https://www.emaerket.dk/kategori/webshops/hobby-sport-fritid/
selvklaebendefolie.dk;https://selvklaebendefolie.dk/;Hobby, sport & fritid (281) | Møbler & boligindretning (386);https://www.emaerket.dk/kategori/webshops/hobby-sport-fritid/ | https://www.emaerket.dk/kategori/webshops/mobler-boligindretning/
sengeexperten.dk;https://sengeexperten.dk/;Hus & have (490) | Møbler & boligindretning (386);https://www.emaerket.dk/kategori/webshops/hus-have/ | https://www.emaerket.dk/kategori/webshops/mobler-boligindretning/
sengefabrikken.dk;https://www.sengefabrikken.dk/;Hus & have (490) | Møbler & boligindretning (386);https://www.emaerket.dk/kategori/webshops/hus-have/ | https://www.emaerket.dk/kategori/webshops/mobler-boligindretning/
sengekompagniet.dk;https://sengekompagniet.dk/;Hus & have (490) | Møbler & boligindretning (386);https://www.emaerket.dk/kategori/webshops/hus-have/ | https://www.emaerket.dk/kategori/webshops/mobler-boligindretning/
sengeshop.dk;https://sengeshop.dk/;Hus & have (490) | Møbler & boligindretning (386);https://www.emaerket.dk/kategori/webshops/hus-have/ | https://www.emaerket.dk/kategori/webshops/mobler-boligindretning/
sengeverden.dk;https://sengeverden.dk/;Møbler & boligindretning (386);https://www.emaerket.dk/kategori/webshops/mobler-boligindretning/
seniorhome.dk;https://seniorhome.dk/;Helse & personlig pleje (195);https://www.emaerket.dk/kategori/webshops/helse-personlig-pleje/
seniorshop.dk;https://seniorshop.dk/;Bøger, cd'er, film & brætspil (41) | Elektronik tele & foto (169) | Hobby, sport & fritid (281) | Hus & have (490) | Kontorartikler m.v. (67) | Møbler & boligindretning (386) | Salg til virksomheder (177);https://www.emaerket.dk/kategori/webshops/boeger-cder-film-braetspil/ | https://www.emaerket.dk/kategori/webshops/elektronik-tele-foto/ | https://www.emaerket.dk/kategori/webshops/hobby-sport-fritid/ | https://www.emaerket.dk/kategori/webshops/hus-have/ | https://www.emaerket.dk/kategori/webshops/kontorartikler-m-v/ | https://www.emaerket.dk/kategori/webshops/mobler-boligindretning/ | https://www.emaerket.dk/kategori/webshops/salg-til-virksomheder/
sexnetto.dk;https://www.sexnetto.dk/;Dating & erotik (12);https://www.emaerket.dk/kategori/webshops/dating-og-erotik/
sexshop.dk;https://sexshop.dk/;Dating & erotik (12);https://www.emaerket.dk/kategori/webshops/dating-og-erotik/
sgjpackaging.dk;https://sgjpackaging.dk/;Babytøj, børnetøj & ting til børn (123) | Bil cykel & transport (62) | Byggemarked & byggevarer (129) | Dyr & deres pleje (68) | Elektronik tele & foto (169) | Gaveartikler & blomster (122) | Hobby, sport & fritid (281) | Hus & have (490) | Kontorartikler m.v. (67) | Møbler & boligindretning (386);https://www.emaerket.dk/kategori/webshops/babytoj-bornetoj-ting-til-born/ | https://www.emaerket.dk/kategori/webshops/bil-cykel-transport/ | https://www.emaerket.dk/kategori/webshops/byggemarked-byggevarer/ | https://www.emaerket.dk/kategori/webshops/dyr-deres-pleje/ | https://www.emaerket.dk/kategori/webshops/elektronik-tele-foto/ | https://www.emaerket.dk/kategori/webshops/gaveartikler-blomster/ | https://www.emaerket.dk/kategori/webshops/hobby-sport-fritid/ | https://www.emaerket.dk/kategori/webshops/hus-have/ | https://www.emaerket.dk/kategori/webshops/kontorartikler-m-v/ | https://www.emaerket.dk/kategori/webshops/mobler-boligindretning/
shapingnewtomorrow.dk;https://shapingnewtomorrow.dk/;Tøj & sko (188);https://www.emaerket.dk/kategori/webshops/toej-og-sko/
sharkgaming.dk;https://sharkgaming.dk/;Elektronik tele & foto (169);https://www.emaerket.dk/kategori/webshops/elektronik-tele-foto/
shiningyou.dk;https://shiningyou.dk/;Smykker, ure & accessories (130);https://www.emaerket.dk/kategori/webshops/smykker-ure-accessories/
shop-store.dk;https://shop-store.dk/;Byggemarked & byggevarer (129) | Hus & have (490) | Kontorartikler m.v. (67) | Møbler & boligindretning (386) | Salg til virksomheder (177);https://www.emaerket.dk/kategori/webshops/byggemarked-byggevarer/ | https://www.emaerket.dk/kategori/webshops/hus-have/ | https://www.emaerket.dk/kategori/webshops/kontorartikler-m-v/ | https://www.emaerket.dk/kategori/webshops/mobler-boligindretning/ | https://www.emaerket.dk/kategori/webshops/salg-til-virksomheder/
shop.altomautocamperen.dk;https://shop.altomautocamperen.dk/;Bil cykel & transport (62) | Hobby, sport & fritid (281);https://www.emaerket.dk/kategori/webshops/bil-cykel-transport/ | https://www.emaerket.dk/kategori/webshops/hobby-sport-fritid/
shop.aros.dk;https://shop.aros.dk/;Møbler & boligindretning (386) | Oplevelser & underholdning (21);https://www.emaerket.dk/kategori/webshops/mobler-boligindretning/ | https://www.emaerket.dk/kategori/webshops/oplevelser-underholdning/
shop.carlomerolli.dk;https://shop.carlomerolli.dk/;Gaveartikler & blomster (122) | Mad, vin & dagligvarer (86);https://www.emaerket.dk/kategori/webshops/gaveartikler-blomster/ | https://www.emaerket.dk/kategori/webshops/mad-vin-dagligvarer/
shop.denlilletraktor.dk;https://shop.denlilletraktor.dk/;Bil cykel & transport (62) | Hobby, sport & fritid (281) | Hus & have (490) | Hvidevarer & VVS (75);https://www.emaerket.dk/kategori/webshops/bil-cykel-transport/ | https://www.emaerket.dk/kategori/webshops/hobby-sport-fritid/ | https://www.emaerket.dk/kategori/webshops/hus-have/ | https://www.emaerket.dk/kategori/webshops/hvidevarer-vvs/
shop.poolworld.dk;https://shop.poolworld.dk/;Byggemarked & byggevarer (129) | Hus & have (490);https://www.emaerket.dk/kategori/webshops/byggemarked-byggevarer/ | https://www.emaerket.dk/kategori/webshops/hus-have/
shop.vinoble-horsens.dk;https://shop.vinoble-horsens.dk/;Mad, vin & dagligvarer (86);https://www.emaerket.dk/kategori/webshops/mad-vin-dagligvarer/
shopmassagecare.dk;https://shopmassagecare.dk/;Helse & personlig pleje (195);https://www.emaerket.dk/kategori/webshops/helse-personlig-pleje/
shopnordthy.com;https://shopnordthy.com/;Mad, vin & dagligvarer (86);https://www.emaerket.dk/kategori/webshops/mad-vin-dagligvarer/
shopsign.dk;https://shopsign.dk/;Salg til virksomheder (177);https://www.emaerket.dk/kategori/webshops/salg-til-virksomheder/
shopusa.dk;https://shopusa.dk/;Babytøj, børnetøj & ting til børn (123) | Bil cykel & transport (62) | Bøger, cd'er, film & brætspil (41) | Elektronik tele & foto (169) | Hobby, sport & fritid (281) | Hus & have (490) | Mad, vin & dagligvarer (86) | Musik & udstyr (20);https://www.emaerket.dk/kategori/webshops/babytoj-bornetoj-ting-til-born/ | https://www.emaerket.dk/kategori/webshops/bil-cykel-transport/ | https://www.emaerket.dk/kategori/webshops/boeger-cder-film-braetspil/ | https://www.emaerket.dk/kategori/webshops/elektronik-tele-foto/ | https://www.emaerket.dk/kategori/webshops/hobby-sport-fritid/ | https://www.emaerket.dk/kategori/webshops/hus-have/ | https://www.emaerket.dk/kategori/webshops/mad-vin-dagligvarer/ | https://www.emaerket.dk/kategori/webshops/musik-udstyr/
sikkerhedsgiganten.dk;https://sikkerhedsgiganten.dk/;Salg til virksomheder (177) | Tøj & sko (188);https://www.emaerket.dk/kategori/webshops/salg-til-virksomheder/ | https://www.emaerket.dk/kategori/webshops/toej-og-sko/
silfenstudio.dk;https://silfenstudio.dk/;Smykker, ure & accessories (130);https://www.emaerket.dk/kategori/webshops/smykker-ure-accessories/
silkeplanter.dk;https://silkeplanter.dk/;Gaveartikler & blomster (122) | Hus & have (490) | Kontorartikler m.v. (67) | Møbler & boligindretning (386);https://www.emaerket.dk/kategori/webshops/gaveartikler-blomster/ | https://www.emaerket.dk/kategori/webshops/hus-have/ | https://www.emaerket.dk/kategori/webshops/kontorartikler-m-v/ | https://www.emaerket.dk/kategori/webshops/mobler-boligindretning/
simplychocolate.dk;https://simplychocolate.dk/;Gaveartikler & blomster (122) | Helse & personlig pleje (195) | Mad, vin & dagligvarer (86);https://www.emaerket.dk/kategori/webshops/gaveartikler-blomster/ | https://www.emaerket.dk/kategori/webshops/helse-personlig-pleje/ | https://www.emaerket.dk/kategori/webshops/mad-vin-dagligvarer/
simplygo.dk;https://simplygo.dk/;Bil cykel & transport (62);https://www.emaerket.dk/kategori/webshops/bil-cykel-transport/
sinful.dk;https://sinful.dk/;Dating & erotik (12);https://www.emaerket.dk/kategori/webshops/dating-og-erotik/
sirius.dk;https://www.sirius.dk/;Hus & have (490) | Møbler & boligindretning (386);https://www.emaerket.dk/kategori/webshops/hus-have/ | https://www.emaerket.dk/kategori/webshops/mobler-boligindretning/
sjspellets.dk;https://sjspellets.dk/;Byggemarked & byggevarer (129) | Hus & have (490);https://www.emaerket.dk/kategori/webshops/byggemarked-byggevarer/ | https://www.emaerket.dk/kategori/webshops/hus-have/
skabsdesign.dk;https://www.skabsdesign.dk/;Byggemarked & byggevarer (129) | Hus & have (490) | Møbler & boligindretning (386);https://www.emaerket.dk/kategori/webshops/byggemarked-byggevarer/ | https://www.emaerket.dk/kategori/webshops/hus-have/ | https://www.emaerket.dk/kategori/webshops/mobler-boligindretning/
skadedyrshop.dk;https://skadedyrshop.dk/;Dyr & deres pleje (68) | Hobby, sport & fritid (281) | Hus & have (490) | Salg til virksomheder (177);https://www.emaerket.dk/kategori/webshops/dyr-deres-pleje/ | https://www.emaerket.dk/kategori/webshops/hobby-sport-fritid/ | https://www.emaerket.dk/kategori/webshops/hus-have/ | https://www.emaerket.dk/kategori/webshops/salg-til-virksomheder/
skatepro.dk;https://www.skatepro.dk/;Bil cykel & transport (62) | Hobby, sport & fritid (281) | Tøj & sko (188);https://www.emaerket.dk/kategori/webshops/bil-cykel-transport/ | https://www.emaerket.dk/kategori/webshops/hobby-sport-fritid/ | https://www.emaerket.dk/kategori/webshops/toej-og-sko/
skiltex.dk;https://www.skiltex.dk/;Elektronik tele & foto (169) | Kontorartikler m.v. (67) | Salg til virksomheder (177);https://www.emaerket.dk/kategori/webshops/elektronik-tele-foto/ | https://www.emaerket.dk/kategori/webshops/kontorartikler-m-v/ | https://www.emaerket.dk/kategori/webshops/salg-til-virksomheder/
skindoguld.dk;https://skindoguld.dk/;Hus & have (490) | Møbler & boligindretning (386) | Tøj & sko (188);https://www.emaerket.dk/kategori/webshops/hus-have/ | https://www.emaerket.dk/kategori/webshops/mobler-boligindretning/ | https://www.emaerket.dk/kategori/webshops/toej-og-sko/
skioutlet.nu;https://skioutlet.nu/;Tøj & sko (188);https://www.emaerket.dk/kategori/webshops/toej-og-sko/
skisport.dk;https://www.skisport.dk/;Ferie & rejse (33) | Hobby, sport & fritid (281);https://www.emaerket.dk/kategori/webshops/ferie-rejse/ | https://www.emaerket.dk/kategori/webshops/hobby-sport-fritid/
skolebutik.dk;https://skolebutik.dk/;Elektronik tele & foto (169);https://www.emaerket.dk/kategori/webshops/elektronik-tele-foto/
skotlander.com;https://skotlander.com/;Mad, vin & dagligvarer (86);https://www.emaerket.dk/kategori/webshops/mad-vin-dagligvarer/
skulpturfigur.dk;https://skulpturfigur.dk/;Gaveartikler & blomster (122) | Kunst (34) | Møbler & boligindretning (386);https://www.emaerket.dk/kategori/webshops/gaveartikler-blomster/ | https://www.emaerket.dk/kategori/webshops/kunst/ | https://www.emaerket.dk/kategori/webshops/mobler-boligindretning/
slagterbob.com;https://slagterbob.com/;Mad, vin & dagligvarer (86);https://www.emaerket.dk/kategori/webshops/mad-vin-dagligvarer/
slikforvoksne.dk;https://slikforvoksne.dk/;Mad, vin & dagligvarer (86);https://www.emaerket.dk/kategori/webshops/mad-vin-dagligvarer/
sliplet.dk;https://sliplet.dk/;Elektronik tele & foto (169) | Hus & have (490) | Møbler & boligindretning (386);https://www.emaerket.dk/kategori/webshops/elektronik-tele-foto/ | https://www.emaerket.dk/kategori/webshops/hus-have/ | https://www.emaerket.dk/kategori/webshops/mobler-boligindretning/
slivern.dk;https://slivern.dk/;Hobby, sport & fritid (281) | Hus & have (490);https://www.emaerket.dk/kategori/webshops/hobby-sport-fritid/ | https://www.emaerket.dk/kategori/webshops/hus-have/
smaakryb.dk;https://smaakryb.dk/;Babytøj, børnetøj & ting til børn (123) | Salg til virksomheder (177);https://www.emaerket.dk/kategori/webshops/babytoj-bornetoj-ting-til-born/ | https://www.emaerket.dk/kategori/webshops/salg-til-virksomheder/
smafolk.dk;https://smafolk.dk/;Babytøj, børnetøj & ting til børn (123) | Tøj & sko (188);https://www.emaerket.dk/kategori/webshops/babytoj-bornetoj-ting-til-born/ | https://www.emaerket.dk/kategori/webshops/toej-og-sko/
smartkidz.dk;https://www.smartkidz.dk/;Babytøj, børnetøj & ting til børn (123);https://www.emaerket.dk/kategori/webshops/babytoj-bornetoj-ting-til-born/
smartkontakten.dk;https://smartkontakten.dk/;Elektronik tele & foto (169) | Hus & have (490) | Møbler & boligindretning (386);https://www.emaerket.dk/kategori/webshops/elektronik-tele-foto/ | https://www.emaerket.dk/kategori/webshops/hus-have/ | https://www.emaerket.dk/kategori/webshops/mobler-boligindretning/
smartphoneshop.dk;https://smartphoneshop.dk/;Elektronik tele & foto (169);https://www.emaerket.dk/kategori/webshops/elektronik-tele-foto/
smartstickers.dk;https://smartstickers.dk/;Gaveartikler & blomster (122) | Kunst (34) | Møbler & boligindretning (386);https://www.emaerket.dk/kategori/webshops/gaveartikler-blomster/ | https://www.emaerket.dk/kategori/webshops/kunst/ | https://www.emaerket.dk/kategori/webshops/mobler-boligindretning/
smedebakken.dk;https://smedebakken.dk/;Hus & have (490) | Salg til virksomheder (177);https://www.emaerket.dk/kategori/webshops/hus-have/ | https://www.emaerket.dk/kategori/webshops/salg-til-virksomheder/
smedjeriet.dk;https://smedjeriet.dk/;Byggemarked & byggevarer (129);https://www.emaerket.dk/kategori/webshops/byggemarked-byggevarer/
smrs.dk;https://smrs.dk/;Dating & erotik (12);https://www.emaerket.dk/kategori/webshops/dating-og-erotik/
smykkebutikken.com;https://smykkebutikken.com/;Smykker, ure & accessories (130);https://www.emaerket.dk/kategori/webshops/smykker-ure-accessories/
smykkekunstneren.dk;https://smykkekunstneren.dk/;Smykker, ure & accessories (130);https://www.emaerket.dk/kategori/webshops/smykker-ure-accessories/
smykkeuret.dk;https://smykkeuret.dk/;Smykker, ure & accessories (130);https://www.emaerket.dk/kategori/webshops/smykker-ure-accessories/
smyks.dk;https://smyks.dk/;Smykker, ure & accessories (130);https://www.emaerket.dk/kategori/webshops/smykker-ure-accessories/
sneakerground.dk;https://sneakerground.dk/;Smykker, ure & accessories (130) | Tøj & sko (188);https://www.emaerket.dk/kategori/webshops/smykker-ure-accessories/ | https://www.emaerket.dk/kategori/webshops/toej-og-sko/
snedkervaerktoj.dk;https://snedkervaerktoj.dk/;Byggemarked & byggevarer (129) | Hus & have (490) | Salg til virksomheder (177);https://www.emaerket.dk/kategori/webshops/byggemarked-byggevarer/ | https://www.emaerket.dk/kategori/webshops/hus-have/ | https://www.emaerket.dk/kategori/webshops/salg-til-virksomheder/
sneglefaelden.dk;https://sneglefaelden.dk/;Hus & have (490);https://www.emaerket.dk/kategori/webshops/hus-have/
snorban.dk;https://www.snorban.dk/;Helse & personlig pleje (195);https://www.emaerket.dk/kategori/webshops/helse-personlig-pleje/
soedahl.com;https://soedahl.com/;Gaveartikler & blomster (122) | Hus & have (490);https://www.emaerket.dk/kategori/webshops/gaveartikler-blomster/ | https://www.emaerket.dk/kategori/webshops/hus-have/
soemods-bolcher.dk;https://soemods-bolcher.dk/;Mad, vin & dagligvarer (86);https://www.emaerket.dk/kategori/webshops/mad-vin-dagligvarer/
sofiagaver.dk;https://sofiagaver.dk/;Smykker, ure & accessories (130);https://www.emaerket.dk/kategori/webshops/smykker-ure-accessories/
sohu-shop.dk;https://sohu-shop.dk/;Gaveartikler & blomster (122) | Kunst (34) | Møbler & boligindretning (386);https://www.emaerket.dk/kategori/webshops/gaveartikler-blomster/ | https://www.emaerket.dk/kategori/webshops/kunst/ | https://www.emaerket.dk/kategori/webshops/mobler-boligindretning/
solbadet.dk;https://solbadet.dk/;Hobby, sport & fritid (281) | Hus & have (490) | Oplevelser & underholdning (21);https://www.emaerket.dk/kategori/webshops/hobby-sport-fritid/ | https://www.emaerket.dk/kategori/webshops/hus-have/ | https://www.emaerket.dk/kategori/webshops/oplevelser-underholdning/
solsejlspecialisten.dk;https://solsejlspecialisten.dk/;Hus & have (490);https://www.emaerket.dk/kategori/webshops/hus-have/
solundhuse.dk;https://solundhuse.dk/;Hus & have (490) | Møbler & boligindretning (386);https://www.emaerket.dk/kategori/webshops/hus-have/ | https://www.emaerket.dk/kategori/webshops/mobler-boligindretning/
sommerfuglen.dk;https://sommerfuglen.dk/;Hobby, sport & fritid (281);https://www.emaerket.dk/kategori/webshops/hobby-sport-fritid/
sommerhus-siden.dk;https://sommerhus-siden.dk/;Ferie & rejse (33);https://www.emaerket.dk/kategori/webshops/ferie-rejse/
sono.dk;https://sono.dk/;Byggemarked & byggevarer (129) | Kontorartikler m.v. (67) | Møbler & boligindretning (386) | Salg til virksomheder (177);https://www.emaerket.dk/kategori/webshops/byggemarked-byggevarer/ | https://www.emaerket.dk/kategori/webshops/kontorartikler-m-v/ | https://www.emaerket.dk/kategori/webshops/mobler-boligindretning/ | https://www.emaerket.dk/kategori/webshops/salg-til-virksomheder/
sonos.dk;https://sonos.dk/;Hobby, sport & fritid (281);https://www.emaerket.dk/kategori/webshops/hobby-sport-fritid/
soveland.dk;https://soveland.dk/;Helse & personlig pleje (195) | Hus & have (490) | Møbler & boligindretning (386);https://www.emaerket.dk/kategori/webshops/helse-personlig-pleje/ | https://www.emaerket.dk/kategori/webshops/hus-have/ | https://www.emaerket.dk/kategori/webshops/mobler-boligindretning/
sovezonen.dk;https://www.sovezonen.dk/;Hus & have (490) | Møbler & boligindretning (386);https://www.emaerket.dk/kategori/webshops/hus-have/ | https://www.emaerket.dk/kategori/webshops/mobler-boligindretning/
sovn-comfort.dk;https://sovn-comfort.dk/;Hus & have (490) | Møbler & boligindretning (386);https://www.emaerket.dk/kategori/webshops/hus-have/ | https://www.emaerket.dk/kategori/webshops/mobler-boligindretning/
spabadet.dk;https://spabadet.dk/;Helse & personlig pleje (195) | Hobby, sport & fritid (281);https://www.emaerket.dk/kategori/webshops/helse-personlig-pleje/ | https://www.emaerket.dk/kategori/webshops/hobby-sport-fritid/
spakompagniet.dk;https://spakompagniet.dk/;Byggemarked & byggevarer (129) | Hus & have (490) | Hvidevarer & VVS (75) | Salg til virksomheder (177);https://www.emaerket.dk/kategori/webshops/byggemarked-byggevarer/ | https://www.emaerket.dk/kategori/webshops/hus-have/ | https://www.emaerket.dk/kategori/webshops/hvidevarer-vvs/ | https://www.emaerket.dk/kategori/webshops/salg-til-virksomheder/
spar-momsen.dk;https://spar-momsen.dk/;Elektronik tele & foto (169) | Helse & personlig pleje (195) | Hus & have (490) | Kontorartikler m.v. (67) | Møbler & boligindretning (386);https://www.emaerket.dk/kategori/webshops/elektronik-tele-foto/ | https://www.emaerket.dk/kategori/webshops/helse-personlig-pleje/ | https://www.emaerket.dk/kategori/webshops/hus-have/ | https://www.emaerket.dk/kategori/webshops/kontorartikler-m-v/ | https://www.emaerket.dk/kategori/webshops/mobler-boligindretning/
sparmax.dk;https://sparmax.dk/;Møbler & boligindretning (386);https://www.emaerket.dk/kategori/webshops/mobler-boligindretning/
sparpaavvs.dk;https://www.sparpaavvs.dk/;Hus & have (490) | Hvidevarer & VVS (75);https://www.emaerket.dk/kategori/webshops/hus-have/ | https://www.emaerket.dk/kategori/webshops/hvidevarer-vvs/
sparvinduer.dk;https://www.sparvinduer.dk/;Byggemarked & byggevarer (129) | Hus & have (490) | Møbler & boligindretning (386);https://www.emaerket.dk/kategori/webshops/byggemarked-byggevarer/ | https://www.emaerket.dk/kategori/webshops/hus-have/ | https://www.emaerket.dk/kategori/webshops/mobler-boligindretning/
specialbutikken.dk;https://specialbutikken.dk/;Byggemarked & byggevarer (129) | Hus & have (490) | Salg til virksomheder (177) | Tøj & sko (188);https://www.emaerket.dk/kategori/webshops/byggemarked-byggevarer/ | https://www.emaerket.dk/kategori/webshops/hus-have/ | https://www.emaerket.dk/kategori/webshops/salg-til-virksomheder/ | https://www.emaerket.dk/kategori/webshops/toej-og-sko/
speedbaaden.dk;https://speedbaaden.dk/;Uddannelse & kurser (17);https://www.emaerket.dk/kategori/webshops/uddannelse-kurser/
speedyneedle.dk;https://speedyneedle.dk/;Hobby, sport & fritid (281);https://www.emaerket.dk/kategori/webshops/hobby-sport-fritid/
spejdersport.dk;https://www.spejdersport.dk/;Babytøj, børnetøj & ting til børn (123) | Hobby, sport & fritid (281) | Tøj & sko (188);https://www.emaerket.dk/kategori/webshops/babytoj-bornetoj-ting-til-born/ | https://www.emaerket.dk/kategori/webshops/hobby-sport-fritid/ | https://www.emaerket.dk/kategori/webshops/toej-og-sko/
spejlfabrikken.dk;https://spejlfabrikken.dk/;Byggemarked & byggevarer (129) | Hus & have (490) | Hvidevarer & VVS (75) | Møbler & boligindretning (386) | Salg til virksomheder (177);https://www.emaerket.dk/kategori/webshops/byggemarked-byggevarer/ | https://www.emaerket.dk/kategori/webshops/hus-have/ | https://www.emaerket.dk/kategori/webshops/hvidevarer-vvs/ | https://www.emaerket.dk/kategori/webshops/mobler-boligindretning/ | https://www.emaerket.dk/kategori/webshops/salg-til-virksomheder/
spil-aps.dk;https://spil-aps.dk/;Bøger, cd'er, film & brætspil (41) | Gaveartikler & blomster (122) | Hobby, sport & fritid (281) | Hus & have (490) | Møbler & boligindretning (386) | Salg til virksomheder (177);https://www.emaerket.dk/kategori/webshops/boeger-cder-film-braetspil/ | https://www.emaerket.dk/kategori/webshops/gaveartikler-blomster/ | https://www.emaerket.dk/kategori/webshops/hobby-sport-fritid/ | https://www.emaerket.dk/kategori/webshops/hus-have/ | https://www.emaerket.dk/kategori/webshops/mobler-boligindretning/ | https://www.emaerket.dk/kategori/webshops/salg-til-virksomheder/
spilentusiasten.dk;https://spilentusiasten.dk/;Bøger, cd'er, film & brætspil (41) | Hobby, sport & fritid (281) | Oplevelser & underholdning (21);https://www.emaerket.dk/kategori/webshops/boeger-cder-film-braetspil/ | https://www.emaerket.dk/kategori/webshops/hobby-sport-fritid/ | https://www.emaerket.dk/kategori/webshops/oplevelser-underholdning/
spinchy.com;https://spinchy.com/;Elektronik tele & foto (169) | Møbler & boligindretning (386);https://www.emaerket.dk/kategori/webshops/elektronik-tele-foto/ | https://www.emaerket.dk/kategori/webshops/mobler-boligindretning/
spitus.dk;https://spitus.dk/;Mad, vin & dagligvarer (86);https://www.emaerket.dk/kategori/webshops/mad-vin-dagligvarer/
spizz.dk;https://spizz.dk/;Mad, vin & dagligvarer (86);https://www.emaerket.dk/kategori/webshops/mad-vin-dagligvarer/
sport-net.dk;https://sport-net.dk/;Hobby, sport & fritid (281);https://www.emaerket.dk/kategori/webshops/hobby-sport-fritid/
sport24.dk;https://sport24.dk/;Babytøj, børnetøj & ting til børn (123) | Hobby, sport & fritid (281) | Tøj & sko (188);https://www.emaerket.dk/kategori/webshops/babytoj-bornetoj-ting-til-born/ | https://www.emaerket.dk/kategori/webshops/hobby-sport-fritid/ | https://www.emaerket.dk/kategori/webshops/toej-og-sko/
sportsmate.com;https://sportsmate.com/;Hobby, sport & fritid (281);https://www.emaerket.dk/kategori/webshops/hobby-sport-fritid/
sportspharma.dk;https://sportspharma.dk/;Hobby, sport & fritid (281);https://www.emaerket.dk/kategori/webshops/hobby-sport-fritid/
sportspower.dk;https://sportspower.dk/;Helse & personlig pleje (195) | Hobby, sport & fritid (281) | Tøj & sko (188);https://www.emaerket.dk/kategori/webshops/helse-personlig-pleje/ | https://www.emaerket.dk/kategori/webshops/hobby-sport-fritid/ | https://www.emaerket.dk/kategori/webshops/toej-og-sko/
sportyfied.com;https://www.sportyfied.com/;Tøj & sko (188);https://www.emaerket.dk/kategori/webshops/toej-og-sko/
spot.dk;https://spot.dk/;Elektronik tele & foto (169) | Ferie & rejse (33) | Mad, vin & dagligvarer (86);https://www.emaerket.dk/kategori/webshops/elektronik-tele-foto/ | https://www.emaerket.dk/kategori/webshops/ferie-rejse/ | https://www.emaerket.dk/kategori/webshops/mad-vin-dagligvarer/
springcopenhagen.com;https://springcopenhagen.com/;Gaveartikler & blomster (122) | Hus & have (490) | Kunst (34) | Møbler & boligindretning (386);https://www.emaerket.dk/kategori/webshops/gaveartikler-blomster/ | https://www.emaerket.dk/kategori/webshops/hus-have/ | https://www.emaerket.dk/kategori/webshops/kunst/ | https://www.emaerket.dk/kategori/webshops/mobler-boligindretning/
sprit-co.dk;https://sprit-co.dk/;Mad, vin & dagligvarer (86) | Salg til virksomheder (177);https://www.emaerket.dk/kategori/webshops/mad-vin-dagligvarer/ | https://www.emaerket.dk/kategori/webshops/salg-til-virksomheder/
spydk.dk;https://spydk.dk/;Hobby, sport & fritid (281);https://www.emaerket.dk/kategori/webshops/hobby-sport-fritid/
staypro.dk;https://www.staypro.dk/;Byggemarked & byggevarer (129) | Hus & have (490) | Tøj & sko (188);https://www.emaerket.dk/kategori/webshops/byggemarked-byggevarer/ | https://www.emaerket.dk/kategori/webshops/hus-have/ | https://www.emaerket.dk/kategori/webshops/toej-og-sko/
steinerbutikken.dk;https://steinerbutikken.dk/;Hobby, sport & fritid (281) | Kontorartikler m.v. (67);https://www.emaerket.dk/kategori/webshops/hobby-sport-fritid/ | https://www.emaerket.dk/kategori/webshops/kontorartikler-m-v/
stetoskop.dk;https://stetoskop.dk/;Helse & personlig pleje (195) | Salg til virksomheder (177);https://www.emaerket.dk/kategori/webshops/helse-personlig-pleje/ | https://www.emaerket.dk/kategori/webshops/salg-til-virksomheder/
stickers.dk;https://stickers.dk/;Hus & have (490) | Møbler & boligindretning (386);https://www.emaerket.dk/kategori/webshops/hus-have/ | https://www.emaerket.dk/kategori/webshops/mobler-boligindretning/
stigefabrikken.dk;https://stigefabrikken.dk/;Byggemarked & byggevarer (129) | Hus & have (490);https://www.emaerket.dk/kategori/webshops/byggemarked-byggevarer/ | https://www.emaerket.dk/kategori/webshops/hus-have/
stoevsugerposen.dk;https://stoevsugerposen.dk/;Hus & have (490);https://www.emaerket.dk/kategori/webshops/hus-have/
stoevsugerposer.dk;https://stoevsugerposer.dk/;Byggemarked & byggevarer (129) | Helse & personlig pleje (195) | Hus & have (490) | Møbler & boligindretning (386);https://www.emaerket.dk/kategori/webshops/byggemarked-byggevarer/ | https://www.emaerket.dk/kategori/webshops/helse-personlig-pleje/ | https://www.emaerket.dk/kategori/webshops/hus-have/ | https://www.emaerket.dk/kategori/webshops/mobler-boligindretning/
stokvaerk.dk;https://stokvaerk.dk/;Babytøj, børnetøj & ting til børn (123) | Gaveartikler & blomster (122) | Helse & personlig pleje (195) | Mad, vin & dagligvarer (86) | Møbler & boligindretning (386) | Smykker, ure & accessories (130) | Tøj & sko (188);https://www.emaerket.dk/kategori/webshops/babytoj-bornetoj-ting-til-born/ | https://www.emaerket.dk/kategori/webshops/gaveartikler-blomster/ | https://www.emaerket.dk/kategori/webshops/helse-personlig-pleje/ | https://www.emaerket.dk/kategori/webshops/mad-vin-dagligvarer/ | https://www.emaerket.dk/kategori/webshops/mobler-boligindretning/ | https://www.emaerket.dk/kategori/webshops/smykker-ure-accessories/ | https://www.emaerket.dk/kategori/webshops/toej-og-sko/
storedrenge.dk;https://storedrenge.dk/;Gaveartikler & blomster (122) | Tøj & sko (188);https://www.emaerket.dk/kategori/webshops/gaveartikler-blomster/ | https://www.emaerket.dk/kategori/webshops/toej-og-sko/
storerobert.dk;https://storerobert.dk/;Tøj & sko (188);https://www.emaerket.dk/kategori/webshops/toej-og-sko/
stottestrompen.dk;https://stottestrompen.dk/;Helse & personlig pleje (195);https://www.emaerket.dk/kategori/webshops/helse-personlig-pleje/
stov.dk;https://stov.dk/;Helse & personlig pleje (195) | Hus & have (490) | Møbler & boligindretning (386) | Salg til virksomheder (177);https://www.emaerket.dk/kategori/webshops/helse-personlig-pleje/ | https://www.emaerket.dk/kategori/webshops/hus-have/ | https://www.emaerket.dk/kategori/webshops/mobler-boligindretning/ | https://www.emaerket.dk/kategori/webshops/salg-til-virksomheder/
stretchfit.dk;https://stretchfit.dk/;Helse & personlig pleje (195);https://www.emaerket.dk/kategori/webshops/helse-personlig-pleje/
strikkemaskinen.dk;https://strikkemaskinen.dk/;Hobby, sport & fritid (281);https://www.emaerket.dk/kategori/webshops/hobby-sport-fritid/
strikketanten.dk;https://strikketanten.dk/;Hobby, sport & fritid (281);https://www.emaerket.dk/kategori/webshops/hobby-sport-fritid/
stroempekompagniet.dk;https://stroempekompagniet.dk/;Babytøj, børnetøj & ting til børn (123) | Gaveartikler & blomster (122) | Tøj & sko (188);https://www.emaerket.dk/kategori/webshops/babytoj-bornetoj-ting-til-born/ | https://www.emaerket.dk/kategori/webshops/gaveartikler-blomster/ | https://www.emaerket.dk/kategori/webshops/toej-og-sko/
styleduo.eu;https://www.styleduo.eu/;Hobby, sport & fritid (281) | Smykker, ure & accessories (130) | Tøj & sko (188);https://www.emaerket.dk/kategori/webshops/hobby-sport-fritid/ | https://www.emaerket.dk/kategori/webshops/smykker-ure-accessories/ | https://www.emaerket.dk/kategori/webshops/toej-og-sko/
suiava.dk;https://suiava.dk/;Smykker, ure & accessories (130) | Tøj & sko (188);https://www.emaerket.dk/kategori/webshops/smykker-ure-accessories/ | https://www.emaerket.dk/kategori/webshops/toej-og-sko/
sunwill.eu;https://www.sunwill.eu/;Tøj & sko (188);https://www.emaerket.dk/kategori/webshops/toej-og-sko/
superheltenlegetoej.dk;https://superheltenlegetoej.dk/;Babytøj, børnetøj & ting til børn (123);https://www.emaerket.dk/kategori/webshops/babytoj-bornetoj-ting-til-born/
superolie.dk;https://superolie.dk/;Hus & have (490) | Møbler & boligindretning (386);https://www.emaerket.dk/kategori/webshops/hus-have/ | https://www.emaerket.dk/kategori/webshops/mobler-boligindretning/
superprice.dk;https://superprice.dk/;Elektronik tele & foto (169);https://www.emaerket.dk/kategori/webshops/elektronik-tele-foto/
supervin.dk;https://supervin.dk/;Mad, vin & dagligvarer (86);https://www.emaerket.dk/kategori/webshops/mad-vin-dagligvarer/
swappie.com;https://swappie.com/;Elektronik tele & foto (169);https://www.emaerket.dk/kategori/webshops/elektronik-tele-foto/
sweetdeal.dk;https://sweetdeal.dk/;Elektronik tele & foto (169) | Ferie & rejse (33) | Gaveartikler & blomster (122) | Hobby, sport & fritid (281) | Mad, vin & dagligvarer (86);https://www.emaerket.dk/kategori/webshops/elektronik-tele-foto/ | https://www.emaerket.dk/kategori/webshops/ferie-rejse/ | https://www.emaerket.dk/kategori/webshops/gaveartikler-blomster/ | https://www.emaerket.dk/kategori/webshops/hobby-sport-fritid/ | https://www.emaerket.dk/kategori/webshops/mad-vin-dagligvarer/
swissdoor.dk;https://swissdoor.dk/;Byggemarked & byggevarer (129) | Elektronik tele & foto (169) | Hus & have (490) | Møbler & boligindretning (386);https://www.emaerket.dk/kategori/webshops/byggemarked-byggevarer/ | https://www.emaerket.dk/kategori/webshops/elektronik-tele-foto/ | https://www.emaerket.dk/kategori/webshops/hus-have/ | https://www.emaerket.dk/kategori/webshops/mobler-boligindretning/
symaskinetorvet.dk;https://symaskinetorvet.dk/;Hobby, sport & fritid (281) | Hus & have (490) | Møbler & boligindretning (386);https://www.emaerket.dk/kategori/webshops/hobby-sport-fritid/ | https://www.emaerket.dk/kategori/webshops/hus-have/ | https://www.emaerket.dk/kategori/webshops/mobler-boligindretning/
symaskinexperten.dk;https://symaskinexperten.dk/;Hobby, sport & fritid (281);https://www.emaerket.dk/kategori/webshops/hobby-sport-fritid/
symbizon.dk;https://symbizon.dk/;Babytøj, børnetøj & ting til børn (123);https://www.emaerket.dk/kategori/webshops/babytoj-bornetoj-ting-til-born/
system-audio.com;https://system-audio.com/;Musik & udstyr (20);https://www.emaerket.dk/kategori/webshops/musik-udstyr/
t-shirten.dk;https://t-shirten.dk/;Tøj & sko (188);https://www.emaerket.dk/kategori/webshops/toej-og-sko/
tabletcovers.dk;https://tabletcovers.dk/;Elektronik tele & foto (169);https://www.emaerket.dk/kategori/webshops/elektronik-tele-foto/
tacgear.dk;https://tacgear.dk/;Hobby, sport & fritid (281) | Tøj & sko (188);https://www.emaerket.dk/kategori/webshops/hobby-sport-fritid/ | https://www.emaerket.dk/kategori/webshops/toej-og-sko/
taenk.dk;https://taenk.dk/;Organisationer & foreninger (9);https://www.emaerket.dk/kategori/webshops/organisationer-foreninger/
taeppeunivers.dk;https://taeppeunivers.dk/;Hus & have (490) | Møbler & boligindretning (386);https://www.emaerket.dk/kategori/webshops/hus-have/ | https://www.emaerket.dk/kategori/webshops/mobler-boligindretning/
tapeconnection.dk;https://tapeconnection.dk/;Elektronik tele & foto (169);https://www.emaerket.dk/kategori/webshops/elektronik-tele-foto/
tapetogkunst.dk;https://tapetogkunst.dk/;Hobby, sport & fritid (281) | Hus & have (490);https://www.emaerket.dk/kategori/webshops/hobby-sport-fritid/ | https://www.emaerket.dk/kategori/webshops/hus-have/
tcs-shop.dk;https://tcs-shop.dk/;Elektronik tele & foto (169) | Kontorartikler m.v. (67) | Salg til virksomheder (177);https://www.emaerket.dk/kategori/webshops/elektronik-tele-foto/ | https://www.emaerket.dk/kategori/webshops/kontorartikler-m-v/ | https://www.emaerket.dk/kategori/webshops/salg-til-virksomheder/
teakhavemoebler.dk;https://teakhavemoebler.dk/;Hus & have (490);https://www.emaerket.dk/kategori/webshops/hus-have/
teaterbilletter.dk;https://teaterbilletter.dk/;Gaveartikler & blomster (122) | Oplevelser & underholdning (21);https://www.emaerket.dk/kategori/webshops/gaveartikler-blomster/ | https://www.emaerket.dk/kategori/webshops/oplevelser-underholdning/
tectake.dk;https://tectake.dk/;Dyr & deres pleje (68) | Hobby, sport & fritid (281) | Hus & have (490) | Møbler & boligindretning (386);https://www.emaerket.dk/kategori/webshops/dyr-deres-pleje/ | https://www.emaerket.dk/kategori/webshops/hobby-sport-fritid/ | https://www.emaerket.dk/kategori/webshops/hus-have/ | https://www.emaerket.dk/kategori/webshops/mobler-boligindretning/
teeshoppen.dk;https://teeshoppen.dk/;Tøj & sko (188);https://www.emaerket.dk/kategori/webshops/toej-og-sko/
tektronic.dk;https://tektronic.dk/;Elektronik tele & foto (169);https://www.emaerket.dk/kategori/webshops/elektronik-tele-foto/
telegiganten.dk;https://telegiganten.dk/;Elektronik tele & foto (169);https://www.emaerket.dk/kategori/webshops/elektronik-tele-foto/
telenor.dk;https://telenor.dk/;Elektronik tele & foto (169);https://www.emaerket.dk/kategori/webshops/elektronik-tele-foto/
telia.dk;https://telia.dk/;Elektronik tele & foto (169);https://www.emaerket.dk/kategori/webshops/elektronik-tele-foto/
telmore.dk;https://telmore.dk/;Elektronik tele & foto (169) | Salg til virksomheder (177);https://www.emaerket.dk/kategori/webshops/elektronik-tele-foto/ | https://www.emaerket.dk/kategori/webshops/salg-til-virksomheder/
termoland.dk;https://termoland.dk/;Babytøj, børnetøj & ting til børn (123) | Tøj & sko (188);https://www.emaerket.dk/kategori/webshops/babytoj-bornetoj-ting-til-born/ | https://www.emaerket.dk/kategori/webshops/toej-og-sko/
tesseuld.dk;https://tesseuld.dk/;Helse & personlig pleje (195) | Hobby, sport & fritid (281);https://www.emaerket.dk/kategori/webshops/helse-personlig-pleje/ | https://www.emaerket.dk/kategori/webshops/hobby-sport-fritid/
testdig.dk;https://testdig.dk/;Helse & personlig pleje (195);https://www.emaerket.dk/kategori/webshops/helse-personlig-pleje/
texas.dk;https://texas.dk/;Hus & have (490);https://www.emaerket.dk/kategori/webshops/hus-have/
tgkshop.dk;https://tgkshop.dk/;Byggemarked & byggevarer (129) | Hus & have (490) | Hvidevarer & VVS (75) | Møbler & boligindretning (386);https://www.emaerket.dk/kategori/webshops/byggemarked-byggevarer/ | https://www.emaerket.dk/kategori/webshops/hus-have/ | https://www.emaerket.dk/kategori/webshops/hvidevarer-vvs/ | https://www.emaerket.dk/kategori/webshops/mobler-boligindretning/
thansen.dk;https://www.thansen.dk/;Bil cykel & transport (62) | Elektronik tele & foto (169) | Ferie & rejse (33) | Hobby, sport & fritid (281) | Hus & have (490);https://www.emaerket.dk/kategori/webshops/bil-cykel-transport/ | https://www.emaerket.dk/kategori/webshops/elektronik-tele-foto/ | https://www.emaerket.dk/kategori/webshops/ferie-rejse/ | https://www.emaerket.dk/kategori/webshops/hobby-sport-fritid/ | https://www.emaerket.dk/kategori/webshops/hus-have/
the-basics.dk;https://the-basics.dk/;Tøj & sko (188);https://www.emaerket.dk/kategori/webshops/toej-og-sko/
thegunroom.dk;https://thegunroom.dk/;Hobby, sport & fritid (281);https://www.emaerket.dk/kategori/webshops/hobby-sport-fritid/
thenap.dk;https://thenap.dk/;Møbler & boligindretning (386);https://www.emaerket.dk/kategori/webshops/mobler-boligindretning/
theprince.dk;https://theprince.dk/;Smykker, ure & accessories (130);https://www.emaerket.dk/kategori/webshops/smykker-ure-accessories/
thesilvertrap.dk;https://thesilvertrap.dk/;Hus & have (490) | Salg til virksomheder (177);https://www.emaerket.dk/kategori/webshops/hus-have/ | https://www.emaerket.dk/kategori/webshops/salg-til-virksomheder/
thewinecompany.dk;https://thewinecompany.dk/;Mad, vin & dagligvarer (86);https://www.emaerket.dk/kategori/webshops/mad-vin-dagligvarer/
thordal.dk;https://thordal.dk/;Dyr & deres pleje (68) | Hobby, sport & fritid (281);https://www.emaerket.dk/kategori/webshops/dyr-deres-pleje/ | https://www.emaerket.dk/kategori/webshops/hobby-sport-fritid/
thy-clean.dk;https://thy-clean.dk/;Hus & have (490) | Møbler & boligindretning (386) | Salg til virksomheder (177);https://www.emaerket.dk/kategori/webshops/hus-have/ | https://www.emaerket.dk/kategori/webshops/mobler-boligindretning/ | https://www.emaerket.dk/kategori/webshops/salg-til-virksomheder/
tibergsmobler.dk;https://tibergsmobler.dk/;Møbler & boligindretning (386);https://www.emaerket.dk/kategori/webshops/mobler-boligindretning/
tibladin.dk;https://tibladin.dk/;Møbler & boligindretning (386);https://www.emaerket.dk/kategori/webshops/mobler-boligindretning/
timm.dk;https://timm.dk/;Hus & have (490) | Møbler & boligindretning (386);https://www.emaerket.dk/kategori/webshops/hus-have/ | https://www.emaerket.dk/kategori/webshops/mobler-boligindretning/
tingatango.dk;https://tingatango.dk/;Hus & have (490) | Møbler & boligindretning (386);https://www.emaerket.dk/kategori/webshops/hus-have/ | https://www.emaerket.dk/kategori/webshops/mobler-boligindretning/
tiplevering.dk;https://tiplevering.dk/;Hus & have (490);https://www.emaerket.dk/kategori/webshops/hus-have/
toldyouso.dk;https://toldyouso.dk/;Babytøj, børnetøj & ting til børn (123);https://www.emaerket.dk/kategori/webshops/babytoj-bornetoj-ting-til-born/
tomorrowsdesign.dk;https://tomorrowsdesign.dk/;Hus & have (490) | Møbler & boligindretning (386);https://www.emaerket.dk/kategori/webshops/hus-have/ | https://www.emaerket.dk/kategori/webshops/mobler-boligindretning/
tonerland.dk;https://www.tonerland.dk/;Kontorartikler m.v. (67);https://www.emaerket.dk/kategori/webshops/kontorartikler-m-v/
toolster.dk;https://toolster.dk/;Hus & have (490);https://www.emaerket.dk/kategori/webshops/hus-have/
topgrej.dk;https://topgrej.dk/;Hobby, sport & fritid (281);https://www.emaerket.dk/kategori/webshops/hobby-sport-fritid/
topvvs.dk;https://topvvs.dk/;Byggemarked & byggevarer (129) | Hus & have (490) | Hvidevarer & VVS (75) | Salg til virksomheder (177);https://www.emaerket.dk/kategori/webshops/byggemarked-byggevarer/ | https://www.emaerket.dk/kategori/webshops/hus-have/ | https://www.emaerket.dk/kategori/webshops/hvidevarer-vvs/ | https://www.emaerket.dk/kategori/webshops/salg-til-virksomheder/
totalmaskiner.dk;https://totalmaskiner.dk/;Bil cykel & transport (62) | Salg til virksomheder (177);https://www.emaerket.dk/kategori/webshops/bil-cykel-transport/ | https://www.emaerket.dk/kategori/webshops/salg-til-virksomheder/
toysnloot.dk;https://toysnloot.dk/;Babytøj, børnetøj & ting til børn (123) | Bøger, cd'er, film & brætspil (41) | Hobby, sport & fritid (281);https://www.emaerket.dk/kategori/webshops/babytoj-bornetoj-ting-til-born/ | https://www.emaerket.dk/kategori/webshops/boeger-cder-film-braetspil/ | https://www.emaerket.dk/kategori/webshops/hobby-sport-fritid/
traegulvcentret.dk;https://traegulvcentret.dk/;Hus & have (490) | Møbler & boligindretning (386);https://www.emaerket.dk/kategori/webshops/hus-have/ | https://www.emaerket.dk/kategori/webshops/mobler-boligindretning/
traeverden.dk;https://traeverden.dk/;Hus & have (490) | Kontorartikler m.v. (67) | Møbler & boligindretning (386) | Salg til virksomheder (177);https://www.emaerket.dk/kategori/webshops/hus-have/ | https://www.emaerket.dk/kategori/webshops/kontorartikler-m-v/ | https://www.emaerket.dk/kategori/webshops/mobler-boligindretning/ | https://www.emaerket.dk/kategori/webshops/salg-til-virksomheder/
trailercentret.dk;https://trailercentret.dk/;Bil cykel & transport (62) | Hus & have (490) | Salg til virksomheder (177);https://www.emaerket.dk/kategori/webshops/bil-cykel-transport/ | https://www.emaerket.dk/kategori/webshops/hus-have/ | https://www.emaerket.dk/kategori/webshops/salg-til-virksomheder/
trendbazaar.dk;https://trendbazaar.dk/;Elektronik tele & foto (169) | Hus & have (490) | Møbler & boligindretning (386);https://www.emaerket.dk/kategori/webshops/elektronik-tele-foto/ | https://www.emaerket.dk/kategori/webshops/hus-have/ | https://www.emaerket.dk/kategori/webshops/mobler-boligindretning/
trendyliving.dk;https://trendyliving.dk/;Gaveartikler & blomster (122) | Hus & have (490) | Kontorartikler m.v. (67) | Kunst (34) | Møbler & boligindretning (386) | Salg til virksomheder (177);https://www.emaerket.dk/kategori/webshops/gaveartikler-blomster/ | https://www.emaerket.dk/kategori/webshops/hus-have/ | https://www.emaerket.dk/kategori/webshops/kontorartikler-m-v/ | https://www.emaerket.dk/kategori/webshops/kunst/ | https://www.emaerket.dk/kategori/webshops/mobler-boligindretning/ | https://www.emaerket.dk/kategori/webshops/salg-til-virksomheder/
trydeandres.dk;https://trydeandres.dk/;Tøj & sko (188);https://www.emaerket.dk/kategori/webshops/toej-og-sko/
tryg.dk;https://tryg.dk/;Salg til virksomheder (177) | Økonomi, banker & forsikringer (6);https://www.emaerket.dk/kategori/webshops/okonomi-banker-forsikringer/ | https://www.emaerket.dk/kategori/webshops/salg-til-virksomheder/
tumlebørn.dk;https://tumlebørn.dk/;Babytøj, børnetøj & ting til børn (123) | Bøger, cd'er, film & brætspil (41) | Hobby, sport & fritid (281) | Møbler & boligindretning (386) | Salg til virksomheder (177);https://www.emaerket.dk/kategori/webshops/babytoj-bornetoj-ting-til-born/ | https://www.emaerket.dk/kategori/webshops/boeger-cder-film-braetspil/ | https://www.emaerket.dk/kategori/webshops/hobby-sport-fritid/ | https://www.emaerket.dk/kategori/webshops/mobler-boligindretning/ | https://www.emaerket.dk/kategori/webshops/salg-til-virksomheder/
ude-leg.dk;https://www.ude-leg.dk/;Hus & have (490);https://www.emaerket.dk/kategori/webshops/hus-have/
udeliv.com;https://udeliv.com/;Hobby, sport & fritid (281) | Tøj & sko (188);https://www.emaerket.dk/kategori/webshops/hobby-sport-fritid/ | https://www.emaerket.dk/kategori/webshops/toej-og-sko/
ugleunger.dk;https://www.ugleunger.dk/;Babytøj, børnetøj & ting til børn (123) | Tøj & sko (188);https://www.emaerket.dk/kategori/webshops/babytoj-bornetoj-ting-til-born/ | https://www.emaerket.dk/kategori/webshops/toej-og-sko/
uldgalleriet.dk;https://uldgalleriet.dk/;Hobby, sport & fritid (281);https://www.emaerket.dk/kategori/webshops/hobby-sport-fritid/
undarmaa.com;https://undarmaa.com/;Smykker, ure & accessories (130);https://www.emaerket.dk/kategori/webshops/smykker-ure-accessories/
uniggardin.dk;https://uniggardin.dk/;Hus & have (490) | Møbler & boligindretning (386);https://www.emaerket.dk/kategori/webshops/hus-have/ | https://www.emaerket.dk/kategori/webshops/mobler-boligindretning/
unikkehjem.dk;https://unikkehjem.dk/;Møbler & boligindretning (386);https://www.emaerket.dk/kategori/webshops/mobler-boligindretning/
unique-kids.dk;https://unique-kids.dk/;Babytøj, børnetøj & ting til børn (123) | Helse & personlig pleje (195);https://www.emaerket.dk/kategori/webshops/babytoj-bornetoj-ting-til-born/ | https://www.emaerket.dk/kategori/webshops/helse-personlig-pleje/
urbangarden.dk;https://urbangarden.dk/;Hus & have (490);https://www.emaerket.dk/kategori/webshops/hus-have/
ure-guld.dk;https://ure-guld.dk/;Smykker, ure & accessories (130);https://www.emaerket.dk/kategori/webshops/smykker-ure-accessories/
ure-smykker.dk;https://ure-smykker.dk/;Smykker, ure & accessories (130);https://www.emaerket.dk/kategori/webshops/smykker-ure-accessories/
urrem.dk;https://urrem.dk/;Smykker, ure & accessories (130);https://www.emaerket.dk/kategori/webshops/smykker-ure-accessories/
urtegaarden.dk;https://urtegaarden.dk/;Helse & personlig pleje (195) | Mad, vin & dagligvarer (86);https://www.emaerket.dk/kategori/webshops/helse-personlig-pleje/ | https://www.emaerket.dk/kategori/webshops/mad-vin-dagligvarer/
uspoloassn.dk;https://uspoloassn.dk/;Tøj & sko (188);https://www.emaerket.dk/kategori/webshops/toej-og-sko/
vaegtbutikken.dk;https://vaegtbutikken.dk/;Salg til virksomheder (177);https://www.emaerket.dk/kategori/webshops/salg-til-virksomheder/
vakuumpakker.dk;https://www.vakuumpakker.dk/;Mad, vin & dagligvarer (86);https://www.emaerket.dk/kategori/webshops/mad-vin-dagligvarer/
vandogfroe.dk;https://vandogfroe.dk/;Hus & have (490);https://www.emaerket.dk/kategori/webshops/hus-have/
varme-expressen.dk;https://www.varme-expressen.dk/;Hus & have (490);https://www.emaerket.dk/kategori/webshops/hus-have/
varmeihuset.dk;https://varmeihuset.dk/;Hus & have (490);https://www.emaerket.dk/kategori/webshops/hus-have/
varmtvandfrasolen.dk;https://www.varmtvandfrasolen.dk/;Hvidevarer & VVS (75);https://www.emaerket.dk/kategori/webshops/hvidevarer-vvs/
vedstalden.dk;https://vedstalden.dk/;Dyr & deres pleje (68);https://www.emaerket.dk/kategori/webshops/dyr-deres-pleje/
vedsted-molle.dk;https://vedsted-molle.dk/;Hobby, sport & fritid (281);https://www.emaerket.dk/kategori/webshops/hobby-sport-fritid/
vellafit.dk;https://vellafit.dk/;Helse & personlig pleje (195);https://www.emaerket.dk/kategori/webshops/helse-personlig-pleje/
veluxshop.dk;https://www.veluxshop.dk/;Hus & have (490) | Møbler & boligindretning (386);https://www.emaerket.dk/kategori/webshops/hus-have/ | https://www.emaerket.dk/kategori/webshops/mobler-boligindretning/
veneta.com;https://www.veneta.com/;Hus & have (490);https://www.emaerket.dk/kategori/webshops/hus-have/
vestcollection.dk;https://vestcollection.dk/;Gaveartikler & blomster (122) | Helse & personlig pleje (195) | Hus & have (490) | Møbler & boligindretning (386) | Smykker, ure & accessories (130);https://www.emaerket.dk/kategori/webshops/gaveartikler-blomster/ | https://www.emaerket.dk/kategori/webshops/helse-personlig-pleje/ | https://www.emaerket.dk/kategori/webshops/hus-have/ | https://www.emaerket.dk/kategori/webshops/mobler-boligindretning/ | https://www.emaerket.dk/kategori/webshops/smykker-ure-accessories/
vester-moebler.dk;https://vester-moebler.dk/;Hus & have (490) | Møbler & boligindretning (386);https://www.emaerket.dk/kategori/webshops/hus-have/ | https://www.emaerket.dk/kategori/webshops/mobler-boligindretning/
vhfshoppen.dk;https://vhfshoppen.dk/;Elektronik tele & foto (169) | Hobby, sport & fritid (281);https://www.emaerket.dk/kategori/webshops/elektronik-tele-foto/ | https://www.emaerket.dk/kategori/webshops/hobby-sport-fritid/
viclara.dk;https://viclara.dk/;Smykker, ure & accessories (130);https://www.emaerket.dk/kategori/webshops/smykker-ure-accessories/
vildmedlys.dk;https://vildmedlys.dk/;Hus & have (490);https://www.emaerket.dk/kategori/webshops/hus-have/
vildtshop.dk;https://vildtshop.dk/;Babytøj, børnetøj & ting til børn (123) | Gaveartikler & blomster (122) | Hobby, sport & fritid (281) | Hus & have (490) | Møbler & boligindretning (386) | Salg til virksomheder (177) | Tøj & sko (188);https://www.emaerket.dk/kategori/webshops/babytoj-bornetoj-ting-til-born/ | https://www.emaerket.dk/kategori/webshops/gaveartikler-blomster/ | https://www.emaerket.dk/kategori/webshops/hobby-sport-fritid/ | https://www.emaerket.dk/kategori/webshops/hus-have/ | https://www.emaerket.dk/kategori/webshops/mobler-boligindretning/ | https://www.emaerket.dk/kategori/webshops/salg-til-virksomheder/ | https://www.emaerket.dk/kategori/webshops/toej-og-sko/
vinduesgrossisten.dk;https://vinduesgrossisten.dk/;Byggemarked & byggevarer (129) | Hus & have (490) | Møbler & boligindretning (386);https://www.emaerket.dk/kategori/webshops/byggemarked-byggevarer/ | https://www.emaerket.dk/kategori/webshops/hus-have/ | https://www.emaerket.dk/kategori/webshops/mobler-boligindretning/
vinmager.dk;https://vinmager.dk/;Mad, vin & dagligvarer (86);https://www.emaerket.dk/kategori/webshops/mad-vin-dagligvarer/
vinnu.dk;https://vinnu.dk/;Mad, vin & dagligvarer (86);https://www.emaerket.dk/kategori/webshops/mad-vin-dagligvarer/
vinogkokken.dk;https://vinogkokken.dk/;Mad, vin & dagligvarer (86);https://www.emaerket.dk/kategori/webshops/mad-vin-dagligvarer/
vintagekeeping.dk;https://vintagekeeping.dk/;Hobby, sport & fritid (281) | Hus & have (490) | Møbler & boligindretning (386);https://www.emaerket.dk/kategori/webshops/hobby-sport-fritid/ | https://www.emaerket.dk/kategori/webshops/hus-have/ | https://www.emaerket.dk/kategori/webshops/mobler-boligindretning/
vipra.dk;https://www.vipra.dk/;Helse & personlig pleje (195);https://www.emaerket.dk/kategori/webshops/helse-personlig-pleje/
viretta.dk;https://viretta.dk/;Hus & have (490);https://www.emaerket.dk/kategori/webshops/hus-have/
vitacreme.dk;https://vitacreme.dk/;Helse & personlig pleje (195);https://www.emaerket.dk/kategori/webshops/helse-personlig-pleje/
vitaepro.dk;https://vitaepro.dk/;Helse & personlig pleje (195);https://www.emaerket.dk/kategori/webshops/helse-personlig-pleje/
vitayummy.com;https://vitayummy.com/;Helse & personlig pleje (195);https://www.emaerket.dk/kategori/webshops/helse-personlig-pleje/
vitusguld.dk;https://vitusguld.dk/;Salg til virksomheder (177) | Smykker, ure & accessories (130) | Økonomi, banker & forsikringer (6);https://www.emaerket.dk/kategori/webshops/okonomi-banker-forsikringer/ | https://www.emaerket.dk/kategori/webshops/salg-til-virksomheder/ | https://www.emaerket.dk/kategori/webshops/smykker-ure-accessories/
vkf-renzel.dk;https://vkf-renzel.dk/;Gaveartikler & blomster (122) | Kontorartikler m.v. (67) | Salg til virksomheder (177);https://www.emaerket.dk/kategori/webshops/gaveartikler-blomster/ | https://www.emaerket.dk/kategori/webshops/kontorartikler-m-v/ | https://www.emaerket.dk/kategori/webshops/salg-til-virksomheder/
vvs-shoppen.dk;https://vvs-shoppen.dk/;Hus & have (490) | Hvidevarer & VVS (75) | Møbler & boligindretning (386);https://www.emaerket.dk/kategori/webshops/hus-have/ | https://www.emaerket.dk/kategori/webshops/hvidevarer-vvs/ | https://www.emaerket.dk/kategori/webshops/mobler-boligindretning/
vvscomfort.dk;https://vvscomfort.dk/;Hus & have (490) | Hvidevarer & VVS (75) | Møbler & boligindretning (386);https://www.emaerket.dk/kategori/webshops/hus-have/ | https://www.emaerket.dk/kategori/webshops/hvidevarer-vvs/ | https://www.emaerket.dk/kategori/webshops/mobler-boligindretning/
vvsdeluxe.dk;https://vvsdeluxe.dk/;Hus & have (490) | Hvidevarer & VVS (75);https://www.emaerket.dk/kategori/webshops/hus-have/ | https://www.emaerket.dk/kategori/webshops/hvidevarer-vvs/
vvsnetto.dk;https://vvsnetto.dk/;Byggemarked & byggevarer (129);https://www.emaerket.dk/kategori/webshops/byggemarked-byggevarer/
vvsplaneten.dk;https://vvsplaneten.dk/;Hus & have (490) | Hvidevarer & VVS (75);https://www.emaerket.dk/kategori/webshops/hus-have/ | https://www.emaerket.dk/kategori/webshops/hvidevarer-vvs/
walldelux.dk;https://walldelux.dk/;Hus & have (490);https://www.emaerket.dk/kategori/webshops/hus-have/
wallzoo.dk;https://wallzoo.dk/;Kunst (34) | Møbler & boligindretning (386);https://www.emaerket.dk/kategori/webshops/kunst/ | https://www.emaerket.dk/kategori/webshops/mobler-boligindretning/
watertrade.dk;https://www.watertrade.dk/;Kontorartikler m.v. (67) | Salg til virksomheder (177);https://www.emaerket.dk/kategori/webshops/kontorartikler-m-v/ | https://www.emaerket.dk/kategori/webshops/salg-til-virksomheder/
wattoo.dk;https://www.wattoo.dk/;Byggemarked & byggevarer (129) | Elektronik tele & foto (169) | Hus & have (490) | Hvidevarer & VVS (75) | Kontorartikler m.v. (67) | Møbler & boligindretning (386);https://www.emaerket.dk/kategori/webshops/byggemarked-byggevarer/ | https://www.emaerket.dk/kategori/webshops/elektronik-tele-foto/ | https://www.emaerket.dk/kategori/webshops/hus-have/ | https://www.emaerket.dk/kategori/webshops/hvidevarer-vvs/ | https://www.emaerket.dk/kategori/webshops/kontorartikler-m-v/ | https://www.emaerket.dk/kategori/webshops/mobler-boligindretning/
wavell.dk;https://wavell.dk/;Elektronik tele & foto (169);https://www.emaerket.dk/kategori/webshops/elektronik-tele-foto/
webapoteket.dk;https://webapoteket.dk/;Dyr & deres pleje (68) | Helse & personlig pleje (195);https://www.emaerket.dk/kategori/webshops/dyr-deres-pleje/ | https://www.emaerket.dk/kategori/webshops/helse-personlig-pleje/
webdanes.dk;https://webdanes.dk/;Elektronik tele & foto (169);https://www.emaerket.dk/kategori/webshops/elektronik-tele-foto/
webgardiner.dk;https://webgardiner.dk/;Hus & have (490) | Møbler & boligindretning (386) | Salg til virksomheder (177);https://www.emaerket.dk/kategori/webshops/hus-have/ | https://www.emaerket.dk/kategori/webshops/mobler-boligindretning/ | https://www.emaerket.dk/kategori/webshops/salg-til-virksomheder/
webshop.justhalal.dk;https://webshop.justhalal.dk/;Babytøj, børnetøj & ting til børn (123) | Bøger, cd'er, film & brætspil (41) | Gaveartikler & blomster (122) | Helse & personlig pleje (195) | Møbler & boligindretning (386);https://www.emaerket.dk/kategori/webshops/babytoj-bornetoj-ting-til-born/ | https://www.emaerket.dk/kategori/webshops/boeger-cder-film-braetspil/ | https://www.emaerket.dk/kategori/webshops/gaveartikler-blomster/ | https://www.emaerket.dk/kategori/webshops/helse-personlig-pleje/ | https://www.emaerket.dk/kategori/webshops/mobler-boligindretning/
webshop.rationel.dk;https://webshop.rationel.dk/;Hus & have (490);https://www.emaerket.dk/kategori/webshops/hus-have/
wecare4u.dk;https://www.wecare4u.dk/;Hus & have (490) | Møbler & boligindretning (386);https://www.emaerket.dk/kategori/webshops/hus-have/ | https://www.emaerket.dk/kategori/webshops/mobler-boligindretning/
wedoframes.shop;https://wedoframes.shop/;Møbler & boligindretning (386);https://www.emaerket.dk/kategori/webshops/mobler-boligindretning/
weekendophold.dk;https://weekendophold.dk/;Ferie & rejse (33);https://www.emaerket.dk/kategori/webshops/ferie-rejse/
weilbach.com;https://weilbach.com/;Bøger, cd'er, film & brætspil (41) | Hobby, sport & fritid (281) | Salg til virksomheder (177) | Uddannelse & kurser (17);https://www.emaerket.dk/kategori/webshops/boeger-cder-film-braetspil/ | https://www.emaerket.dk/kategori/webshops/hobby-sport-fritid/ | https://www.emaerket.dk/kategori/webshops/salg-til-virksomheder/ | https://www.emaerket.dk/kategori/webshops/uddannelse-kurser/
welovebirds.dk;https://welovebirds.dk/;Dyr & deres pleje (68);https://www.emaerket.dk/kategori/webshops/dyr-deres-pleje/
west-wind.dk;https://west-wind.dk/;Tøj & sko (188);https://www.emaerket.dk/kategori/webshops/toej-og-sko/
whisky.dk;https://whisky.dk/;Gaveartikler & blomster (122) | Mad, vin & dagligvarer (86) | Oplevelser & underholdning (21);https://www.emaerket.dk/kategori/webshops/gaveartikler-blomster/ | https://www.emaerket.dk/kategori/webshops/mad-vin-dagligvarer/ | https://www.emaerket.dk/kategori/webshops/oplevelser-underholdning/
williamdam.dk;https://www.williamdam.dk/;Bøger, cd'er, film & brætspil (41);https://www.emaerket.dk/kategori/webshops/boeger-cder-film-braetspil/
wineandbarrels.com;https://wineandbarrels.com/;Mad, vin & dagligvarer (86);https://www.emaerket.dk/kategori/webshops/mad-vin-dagligvarer/
winecorkframes.dk;https://winecorkframes.dk/;Hus & have (490);https://www.emaerket.dk/kategori/webshops/hus-have/
winesomm.dk;https://winesomm.dk/;Mad, vin & dagligvarer (86) | Salg til virksomheder (177);https://www.emaerket.dk/kategori/webshops/mad-vin-dagligvarer/ | https://www.emaerket.dk/kategori/webshops/salg-til-virksomheder/
winkwink.dk;https://winkwink.dk/;Dating & erotik (12);https://www.emaerket.dk/kategori/webshops/dating-og-erotik/
wintherstudio.com;https://www.wintherstudio.com/;Smykker, ure & accessories (130);https://www.emaerket.dk/kategori/webshops/smykker-ure-accessories/
wolffnordic.dk;https://www.wolffnordic.dk/;Gaveartikler & blomster (122) | Hus & have (490) | Møbler & boligindretning (386);https://www.emaerket.dk/kategori/webshops/gaveartikler-blomster/ | https://www.emaerket.dk/kategori/webshops/hus-have/ | https://www.emaerket.dk/kategori/webshops/mobler-boligindretning/
wood-online.dk;https://wood-online.dk/;Byggemarked & byggevarer (129) | Hus & have (490);https://www.emaerket.dk/kategori/webshops/byggemarked-byggevarer/ | https://www.emaerket.dk/kategori/webshops/hus-have/
woodpro.dk;https://woodpro.dk/;Hobby, sport & fritid (281) | Hus & have (490) | Hvidevarer & VVS (75) | Møbler & boligindretning (386) | Salg til virksomheder (177);https://www.emaerket.dk/kategori/webshops/hobby-sport-fritid/ | https://www.emaerket.dk/kategori/webshops/hus-have/ | https://www.emaerket.dk/kategori/webshops/hvidevarer-vvs/ | https://www.emaerket.dk/kategori/webshops/mobler-boligindretning/ | https://www.emaerket.dk/kategori/webshops/salg-til-virksomheder/
woodsup.dk;https://woodsup.dk/;Møbler & boligindretning (386);https://www.emaerket.dk/kategori/webshops/mobler-boligindretning/
woodzone.dk;https://woodzone.dk/;Møbler & boligindretning (386);https://www.emaerket.dk/kategori/webshops/mobler-boligindretning/
worksitt.dk;https://worksitt.dk/;Kontorartikler m.v. (67) | Møbler & boligindretning (386);https://www.emaerket.dk/kategori/webshops/kontorartikler-m-v/ | https://www.emaerket.dk/kategori/webshops/mobler-boligindretning/
worldofwine.dk;https://worldofwine.dk/;Gaveartikler & blomster (122) | Mad, vin & dagligvarer (86);https://www.emaerket.dk/kategori/webshops/gaveartikler-blomster/ | https://www.emaerket.dk/kategori/webshops/mad-vin-dagligvarer/
wotu.dk;https://wotu.dk/;Hus & have (490) | Kontorartikler m.v. (67) | Møbler & boligindretning (386);https://www.emaerket.dk/kategori/webshops/hus-have/ | https://www.emaerket.dk/kategori/webshops/kontorartikler-m-v/ | https://www.emaerket.dk/kategori/webshops/mobler-boligindretning/
wrangler-texas-jeans.dk;https://wrangler-texas-jeans.dk/;Tøj & sko (188);https://www.emaerket.dk/kategori/webshops/toej-og-sko/
xhelter.dk;https://www.xhelter.dk/;Ferie & rejse (33);https://www.emaerket.dk/kategori/webshops/ferie-rejse/
xl-byg.dk;https://xl-byg.dk/;Byggemarked & byggevarer (129) | Hus & have (490);https://www.emaerket.dk/kategori/webshops/byggemarked-byggevarer/ | https://www.emaerket.dk/kategori/webshops/hus-have/
xltoj.dk;https://xltoj.dk/;Tøj & sko (188);https://www.emaerket.dk/kategori/webshops/toej-og-sko/
xtragrej.dk;https://xtragrej.dk/;Hobby, sport & fritid (281);https://www.emaerket.dk/kategori/webshops/hobby-sport-fritid/
ydale.dk;https://ydale.dk/;Smykker, ure & accessories (130);https://www.emaerket.dk/kategori/webshops/smykker-ure-accessories/
ymeyewear.dk;https://ymeyewear.dk/;Smykker, ure & accessories (130);https://www.emaerket.dk/kategori/webshops/smykker-ure-accessories/
yousave.dk;https://yousave.dk/;Byggemarked & byggevarer (129) | Elektronik tele & foto (169) | Hus & have (490) | Møbler & boligindretning (386);https://www.emaerket.dk/kategori/webshops/byggemarked-byggevarer/ | https://www.emaerket.dk/kategori/webshops/elektronik-tele-foto/ | https://www.emaerket.dk/kategori/webshops/hus-have/ | https://www.emaerket.dk/kategori/webshops/mobler-boligindretning/
yousee.dk;https://www.yousee.dk/;Elektronik tele & foto (169);https://www.emaerket.dk/kategori/webshops/elektronik-tele-foto/
zeejuu.dk;https://zeejuu.dk/;Elektronik tele & foto (169) | Hobby, sport & fritid (281);https://www.emaerket.dk/kategori/webshops/elektronik-tele-foto/ | https://www.emaerket.dk/kategori/webshops/hobby-sport-fritid/
zefina.dk;https://zefina.dk/;Smykker, ure & accessories (130);https://www.emaerket.dk/kategori/webshops/smykker-ure-accessories/
zentabox.dk;https://zentabox.dk/;Helse & personlig pleje (195);https://www.emaerket.dk/kategori/webshops/helse-personlig-pleje/
ziga.dk;https://ziga.dk/;Kunst (34) | Møbler & boligindretning (386) | Smykker, ure & accessories (130) | Tøj & sko (188);https://www.emaerket.dk/kategori/webshops/kunst/ | https://www.emaerket.dk/kategori/webshops/mobler-boligindretning/ | https://www.emaerket.dk/kategori/webshops/smykker-ure-accessories/ | https://www.emaerket.dk/kategori/webshops/toej-og-sko/
zinkbakken.dk;https://zinkbakken.dk/;Hus & have (490) | Møbler & boligindretning (386);https://www.emaerket.dk/kategori/webshops/hus-have/ | https://www.emaerket.dk/kategori/webshops/mobler-boligindretning/
zonedenmarkshop.com;https://zonedenmarkshop.com/;Helse & personlig pleje (195) | Hus & have (490) | Møbler & boligindretning (386);https://www.emaerket.dk/kategori/webshops/helse-personlig-pleje/ | https://www.emaerket.dk/kategori/webshops/hus-have/ | https://www.emaerket.dk/kategori/webshops/mobler-boligindretning/
zooca.dk;https://zooca.dk/;Helse & personlig pleje (195);https://www.emaerket.dk/kategori/webshops/helse-personlig-pleje/
zoopet.dk;https://zoopet.dk/;Dyr & deres pleje (68);https://www.emaerket.dk/kategori/webshops/dyr-deres-pleje/
